lane_id,edge_id,from_node,to_node,speed,length
-E4_0,-E4,202478,J0,13.89,26.79
-E4_1,-E4,202478,J0,13.89,26.79
-E7_0,-E7,SN20220922004758D,SN20220922004828D,13.89,93.53
-E7_1,-E7,SN20220922004758D,SN20220922004828D,13.89,93.53
-E7_2,-E7,SN20220922004758D,SN20220922004828D,13.89,93.53
-E8_0,-E8,SN20220924160309A,SN20220924160119A,13.89,63.72
-E8_1,-E8,SN20220924160309A,SN20220924160119A,13.89,63.72
-E8_2,-E8,SN20220924160309A,SN20220924160119A,13.89,63.72
477603177_01_0,477603177_01,204922,201274,11.11,41.31
477603177_02_0,477603177_02,201274,204922,11.11,41.29
477603222_01_0,477603222_01,201276,201277,11.11,138.79
477603228_01_0,477603228_01,204922,201276,13.89,240.04
477603302_01_01_0,477603302_01_01,201634,SN20220925154015B,13.89,62.47
477603302_01_02_0,477603302_01_02,SN20220925154015B,201634,13.89,62.47
477603302_01_02_1,477603302_01_02,SN20220925154015B,201634,13.89,62.47
477603302_02_01_0,477603302_02_01,SN20220925154015B,201286,13.89,69.44
477603302_02_02_0,477603302_02_02,201286,SN20220925154015B,13.89,69.44
477603302_02_02_1,477603302_02_02,201286,SN20220925154015B,13.89,69.44
477603993_01_01_0,477603993_01_01,201290,SN20220925155410B,13.89,64.03
477603993_01_01_1,477603993_01_01,201290,SN20220925155410B,13.89,64.03
477603993_01_02_0,477603993_01_02,SN20220925155410B,201290,13.89,64.03
477603993_01_02_1,477603993_01_02,SN20220925155410B,201290,13.89,64.03
477603993_02_01_0,477603993_02_01,SN20220925155410B,201293,13.89,67.79
477603993_02_01_1,477603993_02_01,SN20220925155410B,201293,13.89,67.79
477603993_02_01_2,477603993_02_01,SN20220925155410B,201293,13.89,67.79
477603993_02_02_0,477603993_02_02,201293,SN20220925155410B,13.89,67.79
477603993_02_02_1,477603993_02_02,201293,SN20220925155410B,13.89,67.79
477604020_01_0,477604020_01,201329,201711,13.89,22.84
477604020_01_1,477604020_01,201329,201711,13.89,22.84
477604020_02_0,477604020_02,201711,201329,13.89,22.84
477604020_02_1,477604020_02,201711,201329,13.89,22.84
477604020_02_2,477604020_02,201711,201329,13.89,22.84
477604040_0101_01_0,477604040_0101_01,201289,SN20220925154358B,13.89,39.31
477604040_0101_01_1,477604040_0101_01,201289,SN20220925154358B,13.89,39.31
477604040_0101_02_0,477604040_0101_02,SN20220925154358B,201289,13.89,39.31
477604040_0101_02_1,477604040_0101_02,SN20220925154358B,201289,13.89,39.31
477604040_0102_01_0,477604040_0102_01,SN20220925154358B,SN20220925154341B,13.89,34.02
477604040_0102_01_1,477604040_0102_01,SN20220925154358B,SN20220925154341B,13.89,34.02
477604040_0102_02_0,477604040_0102_02,SN20220925154341B,SN20220925154358B,13.89,34.02
477604040_0102_02_1,477604040_0102_02,SN20220925154341B,SN20220925154358B,13.89,34.02
477604040_02_01_0,477604040_02_01,SN20220925154341B,201634,13.89,32.62
477604040_02_01_1,477604040_02_01,SN20220925154341B,201634,13.89,32.62
477604040_02_02_0,477604040_02_02,201634,SN20220925154341B,13.89,32.62
477604040_02_02_1,477604040_02_02,201634,SN20220925154341B,13.89,32.62
477604094_01_0,477604094_01,204827,201634,16.67,55.14
477604094_01_1,477604094_01,204827,201634,16.67,55.14
477604094_02_0,477604094_02,201634,204827,16.67,55.1
477604094_02_1,477604094_02,201634,204827,16.67,55.1
477604094_02_2,477604094_02,201634,204827,16.67,55.1
477604115_01_01_0,477604115_01_01,201290,SN20220925160051B,13.89,17.82
477604115_01_01_1,477604115_01_01,201290,SN20220925160051B,13.89,17.82
477604115_01_02_0,477604115_01_02,SN20220925160051B,201290,13.89,17.82
477604115_01_02_1,477604115_01_02,SN20220925160051B,201290,13.89,17.82
477604115_0201_01_0,477604115_0201_01,SN20220925160051B,SN20220925160108B,13.89,48.39
477604115_0201_01_1,477604115_0201_01,SN20220925160051B,SN20220925160108B,13.89,48.39
477604115_0201_01_2,477604115_0201_01,SN20220925160051B,SN20220925160108B,13.89,48.39
477604115_0201_02_0,477604115_0201_02,SN20220925160108B,SN20220925160051B,13.89,48.39
477604115_0201_02_1,477604115_0201_02,SN20220925160108B,SN20220925160051B,13.89,48.39
477604168_01_0,477604168_01,201277,201278,16.67,38.81
477604168_01_1,477604168_01,201277,201278,16.67,38.81
477604168_02_0,477604168_02,201278,201277,16.67,38.81
477604168_02_1,477604168_02,201278,201277,16.67,38.81
477604175_01_0,477604175_01,201277,204818,16.67,61.44
477604175_01_1,477604175_01,201277,204818,16.67,61.44
477604175_02_0,477604175_02,204818,201277,16.67,61.46
477604175_02_1,477604175_02,204818,201277,16.67,61.46
477604193_01_0,477604193_01,201282,201293,16.67,42.63
477604193_01_1,477604193_01,201282,201293,16.67,42.63
477604193_01_2,477604193_01,201282,201293,16.67,42.63
477604193_01_3,477604193_01,201282,201293,16.67,42.63
477604193_02_0,477604193_02,201293,201282,16.67,42.63
477604193_02_1,477604193_02,201293,201282,16.67,42.63
477604194_01_01_0,477604194_01_01,201282,SN20220925155155B,13.89,31.21
477604194_01_01_1,477604194_01_01,201282,SN20220925155155B,13.89,31.21
477604194_01_02_0,477604194_01_02,SN20220925155155B,201282,13.89,31.21
477604194_01_02_1,477604194_01_02,SN20220925155155B,201282,13.89,31.21
477604194_01_02_2,477604194_01_02,SN20220925155155B,201282,13.89,31.21
477604194_01_02_3,477604194_01_02,SN20220925155155B,201282,13.89,31.21
477604194_02_01_0,477604194_02_01,SN20220925155155B,201286,13.89,28.9
477604194_02_01_1,477604194_02_01,SN20220925155155B,201286,13.89,28.9
477604194_02_01_2,477604194_02_01,SN20220925155155B,201286,13.89,28.9
477604194_02_02_0,477604194_02_02,201286,SN20220925155155B,13.89,28.9
477604194_02_02_1,477604194_02_02,201286,SN20220925155155B,13.89,28.9
477604194_02_02_2,477604194_02_02,201286,SN20220925155155B,13.89,28.9
477604200_01_01_0,477604200_01_01,201286,SN20220925154612B,13.89,20.49
477604200_01_01_1,477604200_01_01,201286,SN20220925154612B,13.89,20.49
477604200_01_01_2,477604200_01_01,201286,SN20220925154612B,13.89,20.49
477604200_01_02_0,477604200_01_02,SN20220925154612B,201286,13.89,20.56
477604200_01_02_1,477604200_01_02,SN20220925154612B,201286,13.89,20.56
477604200_01_02_2,477604200_01_02,SN20220925154612B,201286,13.89,20.56
477604200_02_01_0,477604200_02_01,SN20220925154612B,204823,13.89,24.43
477604200_02_01_1,477604200_02_01,SN20220925154612B,204823,13.89,24.43
477604200_02_01_2,477604200_02_01,SN20220925154612B,204823,13.89,24.43
477604200_02_01_3,477604200_02_01,SN20220925154612B,204823,13.89,24.43
477604200_02_02_0,477604200_02_02,204823,SN20220925154612B,13.89,24.43
477604200_02_02_1,477604200_02_02,204823,SN20220925154612B,13.89,24.43
477604248_01_01_0,477604248_01_01,201278,SN20220924161517A,13.89,46.65
477604248_01_01_1,477604248_01_01,201278,SN20220924161517A,13.89,46.65
477604248_01_02_0,477604248_01_02,SN20220924161517A,201278,13.89,46.46
477604248_01_02_1,477604248_01_02,SN20220924161517A,201278,13.89,46.46
477604248_01_02_2,477604248_01_02,SN20220924161517A,201278,13.89,46.46
477604248_01_02_3,477604248_01_02,SN20220924161517A,201278,13.89,46.46
477604248_0201_01_0,477604248_0201_01,SN20220924161517A,SN20220924161525A,13.89,0.2
477604248_0201_01_1,477604248_0201_01,SN20220924161517A,SN20220924161525A,13.89,0.2
477604248_0201_01_2,477604248_0201_01,SN20220924161517A,SN20220924161525A,13.89,0.2
477604248_0201_02_0,477604248_0201_02,SN20220924161525A,SN20220924161517A,13.89,0.2
477604248_0201_02_1,477604248_0201_02,SN20220924161525A,SN20220924161517A,13.89,0.2
477604248_0201_02_2,477604248_0201_02,SN20220924161525A,SN20220924161517A,13.89,0.2
477604248_0202_01_0,477604248_0202_01,SN20220924161525A,201292,13.89,78.56
477604248_0202_01_1,477604248_0202_01,SN20220924161525A,201292,13.89,78.56
477604248_0202_01_2,477604248_0202_01,SN20220924161525A,201292,13.89,78.56
477604248_0202_02_0,477604248_0202_02,201292,SN20220924161525A,13.89,78.56
477604248_0202_02_1,477604248_0202_02,201292,SN20220924161525A,13.89,78.56
477604628_01_0,477604628_01,201329,201622,13.89,24.43
477604628_01_1,477604628_01,201329,201622,13.89,24.43
477604628_01_2,477604628_01,201329,201622,13.89,24.43
477604628_02_0,477604628_02,201622,201329,13.89,24.43
477604628_02_1,477604628_02,201622,201329,13.89,24.43
477604628_02_2,477604628_02,201622,201329,13.89,24.43
477604628_02_3,477604628_02,201622,201329,13.89,24.43
477604635_01_0,477604635_01,201329,201621,16.67,23.46
477604635_01_1,477604635_01,201329,201621,16.67,23.46
477604635_01_2,477604635_01,201329,201621,16.67,23.46
477604635_02_0,477604635_02,201621,201329,16.67,23.46
477604635_02_1,477604635_02,201621,201329,16.67,23.46
477604635_02_2,477604635_02,201621,201329,16.67,23.46
477604635_02_3,477604635_02,201621,201329,16.67,23.46
477604732_01_0,477604732_01,201276,201292,16.67,42.8
477604732_01_1,477604732_01,201276,201292,16.67,42.8
477604732_01_2,477604732_01,201276,201292,16.67,42.8
477604732_02_0,477604732_02,201292,201276,16.67,42.8
477604732_02_1,477604732_02,201292,201276,16.67,42.8
477604739_01_01_0,477604739_01_01,201276,SN20220920232517C,13.89,26.22
477604739_01_01_1,477604739_01_01,201276,SN20220920232517C,13.89,26.22
477604739_01_02_0,477604739_01_02,SN20220920232517C,201276,13.89,26.34
477604739_01_02_1,477604739_01_02,SN20220920232517C,201276,13.89,26.34
477604739_01_02_2,477604739_01_02,SN20220920232517C,201276,13.89,26.34
477604739_02_01_0,477604739_02_01,SN20220920232517C,204817,13.89,26.14
477604739_02_01_1,477604739_02_01,SN20220920232517C,204817,13.89,26.14
477604739_02_01_2,477604739_02_01,SN20220920232517C,204817,13.89,26.14
477604739_02_02_0,477604739_02_02,204817,SN20220920232517C,13.89,26.14
477604739_02_02_1,477604739_02_02,204817,SN20220920232517C,13.89,26.14
477604809_01_0,477604809_01,201300,201708,16.67,23.7
477604809_01_1,477604809_01,201300,201708,16.67,23.7
477604809_01_2,477604809_01,201300,201708,16.67,23.7
477604809_02_0,477604809_02,201708,201300,16.67,23.7
477604809_02_1,477604809_02,201708,201300,16.67,23.7
477604809_02_2,477604809_02,201708,201300,16.67,23.7
477604809_02_3,477604809_02,201708,201300,16.67,23.7
477604827_010101_01_0,477604827_010101_01,201292,SN20220920232039C,13.89,73.32
477604827_010101_01_1,477604827_010101_01,201292,SN20220920232039C,13.89,73.32
477604827_010101_02_0,477604827_010101_02,SN20220920232039C,201292,13.89,73.32
477604827_010101_02_1,477604827_010101_02,SN20220920232039C,201292,13.89,73.32
477604827_010101_02_2,477604827_010101_02,SN20220920232039C,201292,13.89,73.32
477604827_010102_01_0,477604827_010102_01,SN20220920232039C,SN20220920231902C,13.89,63.57
477604827_010102_01_1,477604827_010102_01,SN20220920232039C,SN20220920231902C,13.89,63.57
477604827_010102_01_2,477604827_010102_01,SN20220920232039C,SN20220920231902C,13.89,63.57
477604827_010102_02_0,477604827_010102_02,SN20220920231902C,SN20220920232039C,13.89,63.57
477604827_010102_02_1,477604827_010102_02,SN20220920231902C,SN20220920232039C,13.89,63.57
477604827_010102_02_2,477604827_010102_02,SN20220920231902C,SN20220920232039C,13.89,63.57
477604827_0102_01_0,477604827_0102_01,SN20220920231902C,SN20220920231858C,13.89,0.67
477604827_0102_01_1,477604827_0102_01,SN20220920231902C,SN20220920231858C,13.89,0.67
477604827_0102_01_2,477604827_0102_01,SN20220920231902C,SN20220920231858C,13.89,0.67
477604827_0102_02_0,477604827_0102_02,SN20220920231858C,SN20220920231902C,13.89,0.67
477604827_0102_02_1,477604827_0102_02,SN20220920231858C,SN20220920231902C,13.89,0.67
477604827_0102_02_2,477604827_0102_02,SN20220920231858C,SN20220920231902C,13.89,0.67
477604827_02_01_0,477604827_02_01,SN20220920231858C,201301,13.89,123.96
477604827_02_01_1,477604827_02_01,SN20220920231858C,201301,13.89,123.96
477604827_02_01_2,477604827_02_01,SN20220920231858C,201301,13.89,123.96
477604827_02_02_0,477604827_02_02,201301,SN20220920231858C,13.89,124.49
477604827_02_02_1,477604827_02_02,201301,SN20220920231858C,13.89,124.49
477605406_01_0,477605406_01,204920,201800,19.44,7.96
477605406_01_1,477605406_01,204920,201800,19.44,7.96
477605406_01_2,477605406_01,204920,201800,19.44,7.96
477605406_01_3,477605406_01,204920,201800,19.44,7.96
477605406_01_4,477605406_01,204920,201800,19.44,7.96
477605406_01_5,477605406_01,204920,201800,19.44,7.96
477605406_02_0,477605406_02,201800,204920,19.44,7.26
477605406_02_1,477605406_02,201800,204920,19.44,7.26
477605406_02_2,477605406_02,201800,204920,19.44,7.26
477605406_02_3,477605406_02,201800,204920,19.44,7.26
477605406_02_4,477605406_02,201800,204920,19.44,7.26
477605406_02_5,477605406_02,201800,204920,19.44,7.26
477605419_01_0,477605419_01,201330,201618,13.89,7.46
477605419_01_1,477605419_01,201330,201618,13.89,7.46
477605419_01_2,477605419_01,201330,201618,13.89,7.46
477605419_01_3,477605419_01,201330,201618,13.89,7.46
477605419_02_0,477605419_02,201618,201330,13.89,7.46
477605419_02_1,477605419_02,201618,201330,13.89,7.46
477605419_02_2,477605419_02,201618,201330,13.89,7.46
477605419_02_3,477605419_02,201618,201330,13.89,7.46
477605419_02_4,477605419_02,201618,201330,13.89,7.46
477605452_01_0,477605452_01,201305,201672,19.44,9.08
477605452_01_1,477605452_01,201305,201672,19.44,9.08
477605452_01_2,477605452_01,201305,201672,19.44,9.08
477605452_01_3,477605452_01,201305,201672,19.44,9.08
477605452_01_4,477605452_01,201305,201672,19.44,9.08
477605452_02_0,477605452_02,201672,201305,19.44,9.08
477605452_02_1,477605452_02,201672,201305,19.44,9.08
477605452_02_2,477605452_02,201672,201305,19.44,9.08
477605452_02_3,477605452_02,201672,201305,19.44,9.08
477605452_02_4,477605452_02,201672,201305,19.44,9.08
477605452_02_5,477605452_02,201672,201305,19.44,9.08
477605452_02_6,477605452_02,201672,201305,19.44,9.08
477605619_01_0,477605619_01,201305,201617,13.89,11.36
477605619_01_1,477605619_01,201305,201617,13.89,11.36
477605619_01_2,477605619_01,201305,201617,13.89,11.36
477605619_01_3,477605619_01,201305,201617,13.89,11.36
477605619_01_4,477605619_01,201305,201617,13.89,11.36
477605619_01_5,477605619_01,201305,201617,13.89,11.36
477605619_02_0,477605619_02,201617,201305,13.89,11.36
477605619_02_1,477605619_02,201617,201305,13.89,11.36
477605619_02_2,477605619_02,201617,201305,13.89,11.36
477605619_02_3,477605619_02,201617,201305,13.89,11.36
477605619_02_4,477605619_02,201617,201305,13.89,11.36
477605619_02_5,477605619_02,201617,201305,13.89,11.36
477605685_01_0,477605685_01,201330,201669,11.11,14.64
477605685_01_1,477605685_01,201330,201669,11.11,14.64
477605685_01_2,477605685_01,201330,201669,11.11,14.64
477605685_01_3,477605685_01,201330,201669,11.11,14.64
477605685_02_0,477605685_02,201669,201330,11.11,14.64
477605685_02_1,477605685_02,201669,201330,11.11,14.64
477605685_02_2,477605685_02,201669,201330,11.11,14.64
477605685_02_3,477605685_02,201669,201330,11.11,14.64
477605685_02_4,477605685_02,201669,201330,11.11,14.64
477610002_01_0,477610002_01,201300,202119,13.89,49.58
477610002_01_1,477610002_01,201300,202119,13.89,49.58
477610002_02_0,477610002_02,202119,201300,13.89,49.58
477610002_02_1,477610002_02,202119,201300,13.89,49.58
477610002_02_2,477610002_02,202119,201300,13.89,49.58
477610003_0101_01_0,477610003_0101_01,202119,SN20220920172616F,13.89,24.12
477610003_0101_01_1,477610003_0101_01,202119,SN20220920172616F,13.89,24.12
477610003_0101_02_0,477610003_0101_02,SN20220920172616F,202119,13.89,24.09
477610003_0101_02_1,477610003_0101_02,SN20220920172616F,202119,13.89,24.09
477610003_0101_02_2,477610003_0101_02,SN20220920172616F,202119,13.89,24.09
477610003_0102_01_0,477610003_0102_01,SN20220920172616F,SN20220920172609F,13.89,39.95
477610003_0102_01_1,477610003_0102_01,SN20220920172616F,SN20220920172609F,13.89,39.95
477610003_0102_02_0,477610003_0102_02,SN20220920172609F,SN20220920172616F,13.89,39.95
477610003_0102_02_1,477610003_0102_02,SN20220920172609F,SN20220920172616F,13.89,39.95
477610003_0102_02_2,477610003_0102_02,SN20220920172609F,SN20220920172616F,13.89,39.95
477610003_0102_02_3,477610003_0102_02,SN20220920172609F,SN20220920172616F,13.89,39.95
477610003_02_01_0,477610003_02_01,SN20220920172609F,203039,13.89,7.68
477610003_02_01_1,477610003_02_01,SN20220920172609F,203039,13.89,7.68
477610003_02_02_0,477610003_02_02,203039,SN20220920172609F,13.89,7.68
477610003_02_02_1,477610003_02_02,203039,SN20220920172609F,13.89,7.68
477610003_02_02_2,477610003_02_02,203039,SN20220920172609F,13.89,7.68
477610004_01_01_0,477610004_01_01,201670,SN20220924184144A,13.89,4.63
477610004_01_01_1,477610004_01_01,201670,SN20220924184144A,13.89,4.63
477610004_01_01_2,477610004_01_01,201670,SN20220924184144A,13.89,4.63
477610004_01_01_3,477610004_01_01,201670,SN20220924184144A,13.89,4.63
477610004_01_02_0,477610004_01_02,SN20220924184144A,201670,13.89,4.63
477610004_01_02_1,477610004_01_02,SN20220924184144A,201670,13.89,4.63
477610004_01_02_2,477610004_01_02,SN20220924184144A,201670,13.89,4.63
477610004_01_02_3,477610004_01_02,SN20220924184144A,201670,13.89,4.63
477610004_02_01_0,477610004_02_01,SN20220924184144A,201708,13.89,78.4
477610004_02_01_1,477610004_02_01,SN20220924184144A,201708,13.89,78.4
477610004_02_01_2,477610004_02_01,SN20220924184144A,201708,13.89,78.4
477610004_02_01_3,477610004_02_01,SN20220924184144A,201708,13.89,78.4
477610004_02_02_0,477610004_02_02,201708,SN20220924184144A,13.89,78.57
477610004_02_02_1,477610004_02_02,201708,SN20220924184144A,13.89,78.57
477610004_02_02_2,477610004_02_02,201708,SN20220924184144A,13.89,78.57
477610032_01_0,477610032_01,202116,202120,16.67,99.64
477610032_01_1,477610032_01,202116,202120,16.67,99.64
477610032_01_2,477610032_01,202116,202120,16.67,99.64
477610032_02_0,477610032_02,202120,202116,16.67,99.68
477610032_02_1,477610032_02,202120,202116,16.67,99.68
477610032_02_2,477610032_02,202120,202116,16.67,99.68
477610033_01_01_0,477610033_01_01,201621,SN20220924183457A,13.89,32.09
477610033_01_01_1,477610033_01_01,201621,SN20220924183457A,13.89,32.09
477610033_01_01_2,477610033_01_01,201621,SN20220924183457A,13.89,32.09
477610033_01_02_0,477610033_01_02,SN20220924183457A,201621,13.89,32.09
477610033_01_02_1,477610033_01_02,SN20220924183457A,201621,13.89,32.09
477610033_01_02_2,477610033_01_02,SN20220924183457A,201621,13.89,32.09
477610033_01_02_3,477610033_01_02,SN20220924183457A,201621,13.89,32.09
477610033_02_01_0,477610033_02_01,SN20220924183457A,202116,13.89,59.77
477610033_02_01_1,477610033_02_01,SN20220924183457A,202116,13.89,59.77
477610033_02_01_2,477610033_02_01,SN20220924183457A,202116,13.89,59.77
477610033_02_02_0,477610033_02_02,202116,SN20220924183457A,13.89,59.77
477610033_02_02_1,477610033_02_02,202116,SN20220924183457A,13.89,59.77
477610033_02_02_2,477610033_02_02,202116,SN20220924183457A,13.89,59.77
477610033_02_02_3,477610033_02_02,202116,SN20220924183457A,13.89,59.77
477610040_01_01_0,477610040_01_01,201329,SN20220924182413A,13.89,54.1
477610040_01_01_1,477610040_01_01,201329,SN20220924182413A,13.89,54.1
477610040_01_02_0,477610040_01_02,SN20220924182413A,201329,13.89,54.06
477610040_01_02_1,477610040_01_02,SN20220924182413A,201329,13.89,54.06
477610040_01_02_2,477610040_01_02,SN20220924182413A,201329,13.89,54.06
477610040_02_01_0,477610040_02_01,SN20220924182413A,202071,13.89,44.77
477610040_02_01_1,477610040_02_01,SN20220924182413A,202071,13.89,44.77
477610040_02_01_2,477610040_02_01,SN20220924182413A,202071,13.89,44.77
477610040_02_02_0,477610040_02_02,202071,SN20220924182413A,13.89,44.77
477610040_02_02_1,477610040_02_02,202071,SN20220924182413A,13.89,44.77
477610041_01_0,477610041_01,201620,201670,13.89,45.82
477610041_01_1,477610041_01,201620,201670,13.89,45.82
477610041_01_2,477610041_01,201620,201670,13.89,45.82
477610041_02_0,477610041_02,201670,201620,13.89,45.9
477610041_02_1,477610041_02,201670,201620,13.89,45.9
477610041_02_2,477610041_02,201670,201620,13.89,45.9
477610041_02_3,477610041_02,201670,201620,13.89,45.9
477610053_02020202_01_0,477610053_02020202_01,SN20220920170319F,201300,13.89,113.02
477610053_02020202_01_1,477610053_02020202_01,SN20220920170319F,201300,13.89,113.02
477610053_02020202_01_2,477610053_02020202_01,SN20220920170319F,201300,13.89,113.02
477610053_02020202_02_0,477610053_02020202_02,201300,SN20220920170319F,13.89,113.06
477610053_02020202_02_1,477610053_02020202_02,201300,SN20220920170319F,13.89,113.06
477610076_01_0,477610076_01,201306,201940,13.89,21.58
477610076_01_1,477610076_01,201306,201940,13.89,21.58
477610076_02_0,477610076_02,201940,201306,13.89,21.58
477610076_02_1,477610076_02,201940,201306,13.89,21.58
477610076_02_2,477610076_02,201940,201306,13.89,21.58
477610475_01_0,477610475_01,202071,202342,13.89,50.83
477610475_01_1,477610475_01,202071,202342,13.89,50.83
477610475_01_2,477610475_01,202071,202342,13.89,50.83
477610475_02_0,477610475_02,202342,202071,13.89,50.83
477610475_02_1,477610475_02,202342,202071,13.89,50.83
477643145_01_0,477643145_01,202476,202475,13.89,9.81
477643146_01_0,477643146_01,202477,202476,13.89,14.36
477643147_01_0,477643147_01,202475,202478,13.89,77.42
477643148_01_0,477643148_01,202478,202477,13.89,23.62
477643149_0101_01_0,477643149_0101_01,201617,SN20220622163510B,13.89,76.68
477643149_0101_01_1,477643149_0101_01,201617,SN20220622163510B,13.89,76.68
477643149_0101_01_2,477643149_0101_01,201617,SN20220622163510B,13.89,76.68
477643149_0101_01_3,477643149_0101_01,201617,SN20220622163510B,13.89,76.68
477643149_0101_01_4,477643149_0101_01,201617,SN20220622163510B,13.89,76.68
477643149_0101_01_5,477643149_0101_01,201617,SN20220622163510B,13.89,76.68
477643149_0101_02_0,477643149_0101_02,SN20220622163510B,201617,13.89,76.68
477643149_0101_02_1,477643149_0101_02,SN20220622163510B,201617,13.89,76.68
477643149_0101_02_2,477643149_0101_02,SN20220622163510B,201617,13.89,76.68
477643149_0101_02_3,477643149_0101_02,SN20220622163510B,201617,13.89,76.68
477643149_0101_02_4,477643149_0101_02,SN20220622163510B,201617,13.89,76.68
477643149_0101_02_5,477643149_0101_02,SN20220622163510B,201617,13.89,76.68
477643149_010201_01_0,477643149_010201_01,SN20220622163510B,SN20220623162151G,13.89,30.41
477643149_010201_01_1,477643149_010201_01,SN20220622163510B,SN20220623162151G,13.89,30.41
477643149_010201_01_2,477643149_010201_01,SN20220622163510B,SN20220623162151G,13.89,30.41
477643149_010201_01_3,477643149_010201_01,SN20220622163510B,SN20220623162151G,13.89,30.41
477643149_010201_01_4,477643149_010201_01,SN20220622163510B,SN20220623162151G,13.89,30.41
477643149_010201_01_5,477643149_010201_01,SN20220622163510B,SN20220623162151G,13.89,30.41
477643149_010201_01_6,477643149_010201_01,SN20220622163510B,SN20220623162151G,13.89,30.41
477643149_010201_02_0,477643149_010201_02,SN20220623162151G,SN20220622163510B,13.89,30.41
477643149_010201_02_1,477643149_010201_02,SN20220623162151G,SN20220622163510B,13.89,30.41
477643149_010201_02_2,477643149_010201_02,SN20220623162151G,SN20220622163510B,13.89,30.41
477643149_010201_02_3,477643149_010201_02,SN20220623162151G,SN20220622163510B,13.89,30.41
477643149_010201_02_4,477643149_010201_02,SN20220623162151G,SN20220622163510B,13.89,30.41
477643149_010201_02_5,477643149_010201_02,SN20220623162151G,SN20220622163510B,13.89,30.41
477643149_010202_01_0,477643149_010202_01,SN20220623162151G,SN20220622163504B,13.89,56.04
477643149_010202_01_1,477643149_010202_01,SN20220623162151G,SN20220622163504B,13.89,56.04
477643149_010202_01_2,477643149_010202_01,SN20220623162151G,SN20220622163504B,13.89,56.04
477643149_010202_01_3,477643149_010202_01,SN20220623162151G,SN20220622163504B,13.89,56.04
477643149_010202_01_4,477643149_010202_01,SN20220623162151G,SN20220622163504B,13.89,56.04
477643149_010202_01_5,477643149_010202_01,SN20220623162151G,SN20220622163504B,13.89,56.04
477643149_010202_02_0,477643149_010202_02,SN20220622163504B,SN20220623162151G,13.89,56.04
477643149_010202_02_1,477643149_010202_02,SN20220622163504B,SN20220623162151G,13.89,56.04
477643149_010202_02_2,477643149_010202_02,SN20220622163504B,SN20220623162151G,13.89,56.04
477643149_010202_02_3,477643149_010202_02,SN20220622163504B,SN20220623162151G,13.89,56.04
477643149_010202_02_4,477643149_010202_02,SN20220622163504B,SN20220623162151G,13.89,56.04
477643149_010202_02_5,477643149_010202_02,SN20220622163504B,SN20220623162151G,13.89,56.04
477643149_02_01_0,477643149_02_01,SN20220622163504B,202475,13.89,18.06
477643149_02_01_1,477643149_02_01,SN20220622163504B,202475,13.89,18.06
477643149_02_01_2,477643149_02_01,SN20220622163504B,202475,13.89,18.06
477643149_02_01_3,477643149_02_01,SN20220622163504B,202475,13.89,18.06
477643149_02_01_4,477643149_02_01,SN20220622163504B,202475,13.89,18.06
477643149_02_01_5,477643149_02_01,SN20220622163504B,202475,13.89,18.06
477643149_02_02_0,477643149_02_02,202475,SN20220622163504B,13.89,18.06
477643149_02_02_1,477643149_02_02,202475,SN20220622163504B,13.89,18.06
477643149_02_02_2,477643149_02_02,202475,SN20220622163504B,13.89,18.06
477643149_02_02_3,477643149_02_02,202475,SN20220622163504B,13.89,18.06
477643149_02_02_4,477643149_02_02,202475,SN20220622163504B,13.89,18.06
477643150_01_0,477643150_01,201669,202475,11.11,0.2
477643150_01_1,477643150_01,201669,202475,11.11,0.2
477643150_01_2,477643150_01,201669,202475,11.11,0.2
477643150_01_3,477643150_01,201669,202475,11.11,0.2
477643150_02_0,477643150_02,202475,201669,11.11,0.2
477643150_02_1,477643150_02,202475,201669,11.11,0.2
477643150_02_2,477643150_02,202475,201669,11.11,0.2
477643150_02_3,477643150_02,202475,201669,11.11,0.2
477643150_02_4,477643150_02,202475,201669,11.11,0.2
477643151_01_0,477643151_01,201330,202476,16.67,5.58
477643151_01_1,477643151_01,201330,202476,16.67,5.58
477643151_02_0,477643151_02,202476,201330,16.67,5.58
477643151_02_1,477643151_02,202476,201330,16.67,5.58
477643151_02_2,477643151_02,202476,201330,16.67,5.58
477643153_01_0,477643153_01,201618,202477,13.89,0.2
477643153_01_1,477643153_01,201618,202477,13.89,0.2
477643153_01_2,477643153_01,201618,202477,13.89,0.2
477643153_01_3,477643153_01,201618,202477,13.89,0.2
477643153_02_0,477643153_02,202477,201618,13.89,0.2
477643153_02_1,477643153_02,202477,201618,13.89,0.2
477643153_02_2,477643153_02,202477,201618,13.89,0.2
477643153_02_3,477643153_02,202477,201618,13.89,0.2
477643153_02_4,477643153_02,202477,201618,13.89,0.2
477643154_02020102_01_0,477643154_02020102_01,SN20220622161909J,SN20220622161808J,19.44,47.4
477643154_02020102_01_1,477643154_02020102_01,SN20220622161909J,SN20220622161808J,19.44,47.4
477643154_02020102_01_2,477643154_02020102_01,SN20220622161909J,SN20220622161808J,19.44,47.4
477643154_02020102_01_3,477643154_02020102_01,SN20220622161909J,SN20220622161808J,19.44,47.4
477643154_02020102_01_4,477643154_02020102_01,SN20220622161909J,SN20220622161808J,19.44,47.4
477643154_02020102_01_5,477643154_02020102_01,SN20220622161909J,SN20220622161808J,19.44,47.4
477643154_02020102_02_0,477643154_02020102_02,SN20220622161808J,SN20220622161909J,19.44,47.4
477643154_02020102_02_1,477643154_02020102_02,SN20220622161808J,SN20220622161909J,19.44,47.4
477643154_02020102_02_2,477643154_02020102_02,SN20220622161808J,SN20220622161909J,19.44,47.4
477643154_02020102_02_3,477643154_02020102_02,SN20220622161808J,SN20220622161909J,19.44,47.4
477643154_02020102_02_4,477643154_02020102_02,SN20220622161808J,SN20220622161909J,19.44,47.4
477643154_02020102_02_5,477643154_02020102_02,SN20220622161808J,SN20220622161909J,19.44,47.4
477643154_0202020101_01_0,477643154_0202020101_01,SN20220622161808J,SN20220622162003J,19.44,58.9
477643154_0202020101_01_1,477643154_0202020101_01,SN20220622161808J,SN20220622162003J,19.44,58.9
477643154_0202020101_01_2,477643154_0202020101_01,SN20220622161808J,SN20220622162003J,19.44,58.9
477643154_0202020101_01_3,477643154_0202020101_01,SN20220622161808J,SN20220622162003J,19.44,58.9
477643154_0202020101_01_4,477643154_0202020101_01,SN20220622161808J,SN20220622162003J,19.44,58.9
477643154_0202020101_01_5,477643154_0202020101_01,SN20220622161808J,SN20220622162003J,19.44,58.9
477643154_0202020101_01_6,477643154_0202020101_01,SN20220622161808J,SN20220622162003J,19.44,58.9
477643154_0202020101_02_0,477643154_0202020101_02,SN20220622162003J,SN20220622161808J,19.44,58.9
477643154_0202020101_02_1,477643154_0202020101_02,SN20220622162003J,SN20220622161808J,19.44,58.9
477643154_0202020101_02_2,477643154_0202020101_02,SN20220622162003J,SN20220622161808J,19.44,58.9
477643154_0202020101_02_3,477643154_0202020101_02,SN20220622162003J,SN20220622161808J,19.44,58.9
477643154_0202020101_02_4,477643154_0202020101_02,SN20220622162003J,SN20220622161808J,19.44,58.9
477643154_0202020101_02_5,477643154_0202020101_02,SN20220622162003J,SN20220622161808J,19.44,58.9
477643154_0202020102_01_0,477643154_0202020102_01,SN20220622162003J,SN20220622161821J,19.44,11.96
477643154_0202020102_01_1,477643154_0202020102_01,SN20220622162003J,SN20220622161821J,19.44,11.96
477643154_0202020102_01_2,477643154_0202020102_01,SN20220622162003J,SN20220622161821J,19.44,11.96
477643154_0202020102_01_3,477643154_0202020102_01,SN20220622162003J,SN20220622161821J,19.44,11.96
477643154_0202020102_01_4,477643154_0202020102_01,SN20220622162003J,SN20220622161821J,19.44,11.96
477643154_0202020102_01_5,477643154_0202020102_01,SN20220622162003J,SN20220622161821J,19.44,11.96
477643154_0202020102_02_0,477643154_0202020102_02,SN20220622161821J,SN20220622162003J,19.44,11.96
477643154_0202020102_02_1,477643154_0202020102_02,SN20220622161821J,SN20220622162003J,19.44,11.96
477643154_0202020102_02_2,477643154_0202020102_02,SN20220622161821J,SN20220622162003J,19.44,11.96
477643154_0202020102_02_3,477643154_0202020102_02,SN20220622161821J,SN20220622162003J,19.44,11.96
477643154_0202020102_02_4,477643154_0202020102_02,SN20220622161821J,SN20220622162003J,19.44,11.96
477643154_0202020102_02_5,477643154_0202020102_02,SN20220622161821J,SN20220622162003J,19.44,11.96
477643154_02020202_01_0,477643154_02020202_01,SN20220622161821J,202477,19.44,39.01
477643154_02020202_01_1,477643154_02020202_01,SN20220622161821J,202477,19.44,39.01
477643154_02020202_01_2,477643154_02020202_01,SN20220622161821J,202477,19.44,39.01
477643154_02020202_01_3,477643154_02020202_01,SN20220622161821J,202477,19.44,39.01
477643154_02020202_01_4,477643154_02020202_01,SN20220622161821J,202477,19.44,39.01
477643154_02020202_01_5,477643154_02020202_01,SN20220622161821J,202477,19.44,39.01
477643154_02020202_02_0,477643154_02020202_02,202477,SN20220622161821J,19.44,39.01
477643154_02020202_02_1,477643154_02020202_02,202477,SN20220622161821J,19.44,39.01
477643154_02020202_02_2,477643154_02020202_02,202477,SN20220622161821J,19.44,39.01
477643154_02020202_02_3,477643154_02020202_02,202477,SN20220622161821J,19.44,39.01
477643154_02020202_02_4,477643154_02020202_02,202477,SN20220622161821J,19.44,39.01
477648050_010101_01_0,477648050_010101_01,201278,SN20220924160119A,13.89,70.84
477648050_010101_01_1,477648050_010101_01,201278,SN20220924160119A,13.89,70.84
477648050_010101_02_0,477648050_010101_02,SN20220924160119A,201278,13.89,70.84
477648050_010101_02_1,477648050_010101_02,SN20220924160119A,201278,13.89,70.84
477648050_010101_02_2,477648050_010101_02,SN20220924160119A,201278,13.89,70.84
477648050_0202_01_0,477648050_0202_01,SN20220924160309A,201289,13.89,54.63
477648050_0202_01_1,477648050_0202_01,SN20220924160309A,201289,13.89,54.63
477648050_0202_01_2,477648050_0202_01,SN20220924160309A,201289,13.89,54.63
477648050_0202_02_0,477648050_0202_02,201289,SN20220924160309A,13.89,54.63
477648050_0202_02_1,477648050_0202_02,201289,SN20220924160309A,13.89,54.63
477648264_0101_01_0,477648264_0101_01,201672,SN20220622164058B,19.44,30.01
477648264_0101_01_1,477648264_0101_01,201672,SN20220622164058B,19.44,30.01
477648264_0101_01_2,477648264_0101_01,201672,SN20220622164058B,19.44,30.01
477648264_0101_01_3,477648264_0101_01,201672,SN20220622164058B,19.44,30.01
477648264_0101_01_4,477648264_0101_01,201672,SN20220622164058B,19.44,30.01
477648264_0101_02_0,477648264_0101_02,SN20220622164058B,201672,19.44,30.01
477648264_0101_02_1,477648264_0101_02,SN20220622164058B,201672,19.44,30.01
477648264_0101_02_2,477648264_0101_02,SN20220622164058B,201672,19.44,30.01
477648264_0101_02_3,477648264_0101_02,SN20220622164058B,201672,19.44,30.01
477648264_0101_02_4,477648264_0101_02,SN20220622164058B,201672,19.44,30.01
477648264_0101_02_5,477648264_0101_02,SN20220622164058B,201672,19.44,30.01
477648264_0101_02_6,477648264_0101_02,SN20220622164058B,201672,19.44,30.01
477648264_0102_01_0,477648264_0102_01,SN20220622164058B,SN20220622164054B,19.44,0.2
477648264_0102_01_1,477648264_0102_01,SN20220622164058B,SN20220622164054B,19.44,0.2
477648264_0102_01_2,477648264_0102_01,SN20220622164058B,SN20220622164054B,19.44,0.2
477648264_0102_01_3,477648264_0102_01,SN20220622164058B,SN20220622164054B,19.44,0.2
477648264_0102_01_4,477648264_0102_01,SN20220622164058B,SN20220622164054B,19.44,0.2
477648264_0102_02_0,477648264_0102_02,SN20220622164054B,SN20220622164058B,19.44,0.2
477648264_0102_02_1,477648264_0102_02,SN20220622164054B,SN20220622164058B,19.44,0.2
477648264_0102_02_2,477648264_0102_02,SN20220622164054B,SN20220622164058B,19.44,0.2
477648264_0102_02_3,477648264_0102_02,SN20220622164054B,SN20220622164058B,19.44,0.2
477648264_0102_02_4,477648264_0102_02,SN20220622164054B,SN20220622164058B,19.44,0.2
477648264_0102_02_5,477648264_0102_02,SN20220622164054B,SN20220622164058B,19.44,0.2
477648264_0201_01_0,477648264_0201_01,SN20220622164054B,SN20220622164105B,19.44,40.22
477648264_0201_01_1,477648264_0201_01,SN20220622164054B,SN20220622164105B,19.44,40.22
477648264_0201_01_2,477648264_0201_01,SN20220622164054B,SN20220622164105B,19.44,40.22
477648264_0201_01_3,477648264_0201_01,SN20220622164054B,SN20220622164105B,19.44,40.22
477648264_0201_01_4,477648264_0201_01,SN20220622164054B,SN20220622164105B,19.44,40.22
477648264_0201_01_5,477648264_0201_01,SN20220622164054B,SN20220622164105B,19.44,40.22
477648264_0201_02_0,477648264_0201_02,SN20220622164105B,SN20220622164054B,19.44,40.22
477648264_0201_02_1,477648264_0201_02,SN20220622164105B,SN20220622164054B,19.44,40.22
477648264_0201_02_2,477648264_0201_02,SN20220622164105B,SN20220622164054B,19.44,40.22
477648264_0201_02_3,477648264_0201_02,SN20220622164105B,SN20220622164054B,19.44,40.22
477648264_0201_02_4,477648264_0201_02,SN20220622164105B,SN20220622164054B,19.44,40.22
477648264_0201_02_5,477648264_0201_02,SN20220622164105B,SN20220622164054B,19.44,40.22
477648264_020201_01_0,477648264_020201_01,SN20220622164105B,SN20220622164203B,19.44,5.95
477648264_020201_01_1,477648264_020201_01,SN20220622164105B,SN20220622164203B,19.44,5.95
477648264_020201_01_2,477648264_020201_01,SN20220622164105B,SN20220622164203B,19.44,5.95
477648264_020201_01_3,477648264_020201_01,SN20220622164105B,SN20220622164203B,19.44,5.95
477648264_020201_01_4,477648264_020201_01,SN20220622164105B,SN20220622164203B,19.44,5.95
477648264_020201_01_5,477648264_020201_01,SN20220622164105B,SN20220622164203B,19.44,5.95
477648264_020201_01_6,477648264_020201_01,SN20220622164105B,SN20220622164203B,19.44,5.95
477648264_020201_02_0,477648264_020201_02,SN20220622164203B,SN20220622164105B,19.44,4.49
477648264_020201_02_1,477648264_020201_02,SN20220622164203B,SN20220622164105B,19.44,4.49
477648264_020201_02_2,477648264_020201_02,SN20220622164203B,SN20220622164105B,19.44,4.49
477648264_020201_02_3,477648264_020201_02,SN20220622164203B,SN20220622164105B,19.44,4.49
477648264_020201_02_4,477648264_020201_02,SN20220622164203B,SN20220622164105B,19.44,4.49
477648264_020201_02_5,477648264_020201_02,SN20220622164203B,SN20220622164105B,19.44,4.49
477648264_020202_01_0,477648264_020202_01,SN20220622164203B,202848,19.44,67.63
477648264_020202_01_1,477648264_020202_01,SN20220622164203B,202848,19.44,67.63
477648264_020202_01_2,477648264_020202_01,SN20220622164203B,202848,19.44,67.63
477648264_020202_01_3,477648264_020202_01,SN20220622164203B,202848,19.44,67.63
477648264_020202_01_4,477648264_020202_01,SN20220622164203B,202848,19.44,67.63
477648264_020202_01_5,477648264_020202_01,SN20220622164203B,202848,19.44,67.63
477648264_020202_02_0,477648264_020202_02,202848,SN20220622164203B,19.44,67.63
477648264_020202_02_1,477648264_020202_02,202848,SN20220622164203B,19.44,67.63
477648264_020202_02_2,477648264_020202_02,202848,SN20220622164203B,19.44,67.63
477648264_020202_02_3,477648264_020202_02,202848,SN20220622164203B,19.44,67.63
477648264_020202_02_4,477648264_020202_02,202848,SN20220622164203B,19.44,67.63
477648264_020202_02_5,477648264_020202_02,202848,SN20220622164203B,19.44,67.63
477648265_01_01_0,477648265_01_01,201800,SN20220622164834B,19.44,31.56
477648265_01_01_1,477648265_01_01,201800,SN20220622164834B,19.44,31.56
477648265_01_01_2,477648265_01_01,201800,SN20220622164834B,19.44,31.56
477648265_01_01_3,477648265_01_01,201800,SN20220622164834B,19.44,31.56
477648265_01_01_4,477648265_01_01,201800,SN20220622164834B,19.44,31.56
477648265_01_01_5,477648265_01_01,201800,SN20220622164834B,19.44,31.56
477648265_01_02_0,477648265_01_02,SN20220622164834B,201800,19.44,31.56
477648265_01_02_1,477648265_01_02,SN20220622164834B,201800,19.44,31.56
477648265_01_02_2,477648265_01_02,SN20220622164834B,201800,19.44,31.56
477648265_01_02_3,477648265_01_02,SN20220622164834B,201800,19.44,31.56
477648265_01_02_4,477648265_01_02,SN20220622164834B,201800,19.44,31.56
477648265_01_02_5,477648265_01_02,SN20220622164834B,201800,19.44,31.56
477648265_02_01_0,477648265_02_01,SN20220622164834B,202848,19.44,44.56
477648265_02_01_1,477648265_02_01,SN20220622164834B,202848,19.44,44.56
477648265_02_01_2,477648265_02_01,SN20220622164834B,202848,19.44,44.56
477648265_02_01_3,477648265_02_01,SN20220622164834B,202848,19.44,44.56
477648265_02_01_4,477648265_02_01,SN20220622164834B,202848,19.44,44.56
477648265_02_02_0,477648265_02_02,202848,SN20220622164834B,19.44,44.56
477648265_02_02_1,477648265_02_02,202848,SN20220622164834B,19.44,44.56
477648265_02_02_2,477648265_02_02,202848,SN20220622164834B,19.44,44.56
477648265_02_02_3,477648265_02_02,202848,SN20220622164834B,19.44,44.56
477648265_02_02_4,477648265_02_02,202848,SN20220622164834B,19.44,44.56
477648265_02_02_5,477648265_02_02,202848,SN20220622164834B,19.44,44.56
477648987_01_0,477648987_01,202957,202958,13.89,20.25
477648987_02_0,477648987_02,202958,202957,13.89,20.25
477649507_01_01_0,477649507_01_01,201274,SN20220925185601A,13.89,102.98
477649507_01_01_1,477649507_01_01,201274,SN20220925185601A,13.89,102.98
477649507_01_02_0,477649507_01_02,SN20220925185601A,201274,13.89,102.98
477649507_01_02_1,477649507_01_02,SN20220925185601A,201274,13.89,102.98
477649507_01_02_2,477649507_01_02,SN20220925185601A,201274,13.89,102.98
477649507_02_01_0,477649507_02_01,SN20220925185601A,203019,13.89,26.64
477649507_02_01_1,477649507_02_01,SN20220925185601A,203019,13.89,26.64
477649507_02_02_0,477649507_02_02,203019,SN20220925185601A,13.89,26.64
477649507_02_02_1,477649507_02_02,203019,SN20220925185601A,13.89,26.64
477649507_02_02_2,477649507_02_02,203019,SN20220925185601A,13.89,26.64
477649508_01_01_0,477649508_01_01,201292,SN20220924161746A,13.89,63.05
477649508_01_01_1,477649508_01_01,201292,SN20220924161746A,13.89,63.05
477649508_01_02_0,477649508_01_02,SN20220924161746A,201292,13.89,63.05
477649508_01_02_1,477649508_01_02,SN20220924161746A,201292,13.89,63.05
477649508_01_02_2,477649508_01_02,SN20220924161746A,201292,13.89,63.05
477649508_0201_01_0,477649508_0201_01,SN20220924161746A,SN20220924161800A,13.89,3.91
477649508_0201_01_1,477649508_0201_01,SN20220924161746A,SN20220924161800A,13.89,3.91
477649508_0201_01_2,477649508_0201_01,SN20220924161746A,SN20220924161800A,13.89,3.91
477649508_0201_02_0,477649508_0201_02,SN20220924161800A,SN20220924161746A,13.89,3.91
477649508_0201_02_1,477649508_0201_02,SN20220924161800A,SN20220924161746A,13.89,3.91
477649508_0201_02_2,477649508_0201_02,SN20220924161800A,SN20220924161746A,13.89,3.91
477649508_0202_01_0,477649508_0202_01,SN20220924161800A,203019,13.89,13.54
477649508_0202_01_1,477649508_0202_01,SN20220924161800A,203019,13.89,13.54
477649508_0202_01_2,477649508_0202_01,SN20220924161800A,203019,13.89,13.54
477649508_0202_02_0,477649508_0202_02,203019,SN20220924161800A,13.89,13.54
477649508_0202_02_1,477649508_0202_02,203019,SN20220924161800A,13.89,13.54
477649509_01_0,477649509_01,201301,203020,13.89,22.21
477649509_01_1,477649509_01,201301,203020,13.89,22.21
477649509_01_2,477649509_01,201301,203020,13.89,22.21
477649509_02_0,477649509_02,203020,201301,13.89,22.21
477649509_02_1,477649509_02,203020,201301,13.89,22.21
477649511_01_0,477649511_01,201634,203021,13.89,25.18
477649511_01_1,477649511_01,201634,203021,13.89,25.18
477649511_02_0,477649511_02,203021,201634,13.89,24.47
477649511_02_1,477649511_02,203021,201634,13.89,24.47
477649534_01_01_0,477649534_01_01,203031,SN20220925192823B,13.89,100.48
477649534_01_01_1,477649534_01_01,203031,SN20220925192823B,13.89,100.48
477649534_01_01_2,477649534_01_01,203031,SN20220925192823B,13.89,100.48
477649534_01_01_3,477649534_01_01,203031,SN20220925192823B,13.89,100.48
477649534_01_02_0,477649534_01_02,SN20220925192823B,203031,13.89,100.32
477649534_01_02_1,477649534_01_02,SN20220925192823B,203031,13.89,100.32
477649534_01_02_2,477649534_01_02,SN20220925192823B,203031,13.89,100.32
477649534_02_01_0,477649534_02_01,SN20220925192823B,204073,13.89,38.69
477649534_02_01_1,477649534_02_01,SN20220925192823B,204073,13.89,38.69
477649534_02_01_2,477649534_02_01,SN20220925192823B,204073,13.89,38.69
477649534_02_01_3,477649534_02_01,SN20220925192823B,204073,13.89,38.69
477649534_02_02_0,477649534_02_02,204073,SN20220925192823B,13.89,38.69
477649534_02_02_1,477649534_02_02,204073,SN20220925192823B,13.89,38.69
477649534_02_02_2,477649534_02_02,204073,SN20220925192823B,13.89,38.69
477649534_02_02_3,477649534_02_02,204073,SN20220925192823B,13.89,38.69
477649536_01_0,477649536_01,203030,203032,13.89,100.48
477649536_02_0,477649536_02,203032,203030,13.89,100.48
477649538_0101_01_0,477649538_0101_01,202476,SN20220622162449J,16.67,37.52
477649538_0101_01_1,477649538_0101_01,202476,SN20220622162449J,16.67,37.52
477649538_0101_01_2,477649538_0101_01,202476,SN20220622162449J,16.67,37.52
477649538_0101_02_0,477649538_0101_02,SN20220622162449J,202476,16.67,37.28
477649538_0101_02_1,477649538_0101_02,SN20220622162449J,202476,16.67,37.28
477649538_0101_02_2,477649538_0101_02,SN20220622162449J,202476,16.67,37.28
477649538_0101_02_3,477649538_0101_02,SN20220622162449J,202476,16.67,37.28
477649538_0102_01_0,477649538_0102_01,SN20220622162449J,SN20220622162415J,16.67,12.35
477649538_0102_01_1,477649538_0102_01,SN20220622162449J,SN20220622162415J,16.67,12.35
477649538_0102_01_2,477649538_0102_01,SN20220622162449J,SN20220622162415J,16.67,12.35
477649538_0102_02_0,477649538_0102_02,SN20220622162415J,SN20220622162449J,16.67,12.35
477649538_0102_02_1,477649538_0102_02,SN20220622162415J,SN20220622162449J,16.67,12.35
477649538_0102_02_2,477649538_0102_02,SN20220622162415J,SN20220622162449J,16.67,12.35
477649538_0102_02_3,477649538_0102_02,SN20220622162415J,SN20220622162449J,16.67,12.35
477649538_02_01_0,477649538_02_01,SN20220622162415J,203030,16.67,13.36
477649538_02_01_1,477649538_02_01,SN20220622162415J,203030,16.67,13.36
477649538_02_01_2,477649538_02_01,SN20220622162415J,203030,16.67,13.36
477649538_02_02_0,477649538_02_02,203030,SN20220622162415J,16.67,13.36
477649538_02_02_1,477649538_02_02,203030,SN20220622162415J,16.67,13.36
477649538_02_02_2,477649538_02_02,203030,SN20220622162415J,16.67,13.36
477649538_02_02_3,477649538_02_02,203030,SN20220622162415J,16.67,13.36
477649540_01_0,477649540_01,203031,203033,13.89,106.02
477649540_02_0,477649540_02,203033,203031,13.89,101.92
477649543_01_0,477649543_01,203030,203034,16.67,17.99
477649543_01_1,477649543_01,203030,203034,16.67,17.99
477649543_01_2,477649543_01,203030,203034,16.67,17.99
477649543_02_0,477649543_02,203034,203030,16.67,17.99
477649543_02_1,477649543_02,203034,203030,16.67,17.99
477649543_02_2,477649543_02,203034,203030,16.67,17.99
477649545_01_0,477649545_01,201305,634264,13.89,125.56
477649545_01_1,477649545_01,201305,634264,13.89,125.56
477649545_02_0,477649545_02,634264,201305,13.89,125.56
477649545_02_1,477649545_02,634264,201305,13.89,125.56
477649546_01_0,477649546_01,634204,634264,13.89,5.41
477649546_01_1,477649546_01,634204,634264,13.89,5.41
477649546_02_0,477649546_02,634264,634204,13.89,5.41
477649546_02_1,477649546_02,634264,634204,13.89,5.41
477649552_01_0,477649552_01,203031,203034,16.67,117.53
477649552_01_1,477649552_01,203031,203034,16.67,117.53
477649552_01_2,477649552_01,203031,203034,16.67,117.53
477649552_02_0,477649552_02,203034,203031,16.67,117.72
477649552_02_1,477649552_02,203034,203031,16.67,117.72
477649552_02_2,477649552_02,203034,203031,16.67,117.72
477649555_01_0,477649555_01,203035,203037,13.89,29.13
477649555_02_0,477649555_02,203037,203035,13.89,29.13
477649557_01_0,477649557_01,203036,203037,13.89,28.61
477649557_02_0,477649557_02,203037,203036,13.89,28.61
477649559_01_0,477649559_01,201301,203037,13.89,128.86
477649559_01_1,477649559_01,201301,203037,13.89,128.86
477649559_02_0,477649559_02,203037,201301,13.89,128.81
477649559_02_1,477649559_02,203037,201301,13.89,128.81
477649560_01_0,477649560_01,203037,634204,13.89,128.02
477649560_01_1,477649560_01,203037,634204,13.89,128.02
477649560_02_0,477649560_02,634204,203037,13.89,128.02
477649560_02_1,477649560_02,634204,203037,13.89,128.02
477649561_01_01_0,477649561_01_01,203038,SN20220922012037D,13.89,11.77
477649561_01_01_1,477649561_01_01,203038,SN20220922012037D,13.89,11.77
477649561_01_02_0,477649561_01_02,SN20220922012037D,203038,13.89,11.77
477649571_010101_01_0,477649571_010101_01,201301,SN20220920231404C,13.89,60.73
477649571_010101_01_1,477649571_010101_01,201301,SN20220920231404C,13.89,60.73
477649571_010101_02_0,477649571_010101_02,SN20220920231404C,201301,13.89,60.73
477649571_010101_02_1,477649571_010101_02,SN20220920231404C,201301,13.89,60.73
477649571_010101_02_2,477649571_010101_02,SN20220920231404C,201301,13.89,60.73
477649571_010102_01_0,477649571_010102_01,SN20220920231404C,SN20220920230831C,13.89,14.16
477649571_010102_01_1,477649571_010102_01,SN20220920231404C,SN20220920230831C,13.89,14.16
477649571_010102_02_0,477649571_010102_02,SN20220920230831C,SN20220920231404C,13.89,14.16
477649571_010102_02_1,477649571_010102_02,SN20220920230831C,SN20220920231404C,13.89,14.16
477649571_010102_02_2,477649571_010102_02,SN20220920230831C,SN20220920231404C,13.89,14.16
477649571_0102_01_0,477649571_0102_01,SN20220920230831C,SN20220920230824C,13.89,0.2
477649571_0102_01_1,477649571_0102_01,SN20220920230831C,SN20220920230824C,13.89,0.2
477649571_0102_01_2,477649571_0102_01,SN20220920230831C,SN20220920230824C,13.89,0.2
477649571_0102_02_0,477649571_0102_02,SN20220920230824C,SN20220920230831C,13.89,0.2
477649571_0102_02_1,477649571_0102_02,SN20220920230824C,SN20220920230831C,13.89,0.2
477649571_0102_02_2,477649571_0102_02,SN20220920230824C,SN20220920230831C,13.89,0.2
477649571_0102_02_3,477649571_0102_02,SN20220920230824C,SN20220920230831C,13.89,0.2
477649571_02_01_0,477649571_02_01,SN20220920230824C,203039,13.89,37.89
477649571_02_01_1,477649571_02_01,SN20220920230824C,203039,13.89,37.89
477649571_02_01_2,477649571_02_01,SN20220920230824C,203039,13.89,37.89
477649571_02_02_0,477649571_02_02,203039,SN20220920230824C,13.89,37.89
477649571_02_02_1,477649571_02_02,203039,SN20220920230824C,13.89,37.89
477649571_02_02_2,477649571_02_02,203039,SN20220920230824C,13.89,37.89
477649575_01_01_0,477649575_01_01,202957,SN20220922010457D,13.89,49.07
477649575_01_01_1,477649575_01_01,202957,SN20220922010457D,13.89,49.07
477649575_01_02_0,477649575_01_02,SN20220922010457D,202957,13.89,49.07
477649575_01_02_1,477649575_01_02,SN20220922010457D,202957,13.89,49.07
477649575_02_01_0,477649575_02_01,SN20220922010457D,203038,13.89,20.83
477649575_02_01_1,477649575_02_01,SN20220922010457D,203038,13.89,20.83
477649575_02_02_0,477649575_02_02,203038,SN20220922010457D,13.89,20.83
477649575_02_02_1,477649575_02_02,203038,SN20220922010457D,13.89,20.83
477649575_02_02_2,477649575_02_02,203038,SN20220922010457D,13.89,20.83
477649576_01_0,477649576_01,203020,203038,13.89,19.87
477649576_01_1,477649576_01,203020,203038,13.89,19.87
477649576_01_2,477649576_01,203020,203038,13.89,19.87
477649576_02_0,477649576_02,203038,203020,13.89,19.87
477649576_02_1,477649576_02,203038,203020,13.89,19.87
477649578_010101_01_0,477649578_010101_01,201293,SN20220922005618D,13.89,87.54
477649578_010101_01_1,477649578_010101_01,201293,SN20220922005618D,13.89,87.54
477649578_010101_02_0,477649578_010101_02,SN20220922005618D,201293,13.89,87.54
477649578_010101_02_1,477649578_010101_02,SN20220922005618D,201293,13.89,87.54
477649578_010101_02_2,477649578_010101_02,SN20220922005618D,201293,13.89,87.54
477649578_01010201_01_0,477649578_01010201_01,SN20220922005618D,SN20220922005846D,13.89,14.36
477649578_01010201_01_1,477649578_01010201_01,SN20220922005618D,SN20220922005846D,13.89,14.36
477649578_01010201_01_2,477649578_01010201_01,SN20220922005618D,SN20220922005846D,13.89,14.36
477649578_01010201_02_0,477649578_01010201_02,SN20220922005846D,SN20220922005618D,13.89,14.36
477649578_01010201_02_1,477649578_01010201_02,SN20220922005846D,SN20220922005618D,13.89,14.36
477649578_01010201_02_2,477649578_01010201_02,SN20220922005846D,SN20220922005618D,13.89,14.36
477649578_01010202_01_0,477649578_01010202_01,SN20220922005846D,SN20220922005611D,13.89,14.27
477649578_01010202_01_1,477649578_01010202_01,SN20220922005846D,SN20220922005611D,13.89,14.27
477649578_01010202_01_2,477649578_01010202_01,SN20220922005846D,SN20220922005611D,13.89,14.27
477649578_01010202_02_0,477649578_01010202_02,SN20220922005611D,SN20220922005846D,13.89,14.27
477649578_01010202_02_1,477649578_01010202_02,SN20220922005611D,SN20220922005846D,13.89,14.27
477649578_01010202_02_2,477649578_01010202_02,SN20220922005611D,SN20220922005846D,13.89,14.27
477649578_0102_01_0,477649578_0102_01,SN20220922005611D,SN20220922005604D,13.89,43.3
477649578_0102_01_1,477649578_0102_01,SN20220922005611D,SN20220922005604D,13.89,43.3
477649578_0102_01_2,477649578_0102_01,SN20220922005611D,SN20220922005604D,13.89,43.3
477649578_0102_02_0,477649578_0102_02,SN20220922005604D,SN20220922005611D,13.89,43.3
477649578_0102_02_1,477649578_0102_02,SN20220922005604D,SN20220922005611D,13.89,43.3
477649578_0102_02_2,477649578_0102_02,SN20220922005604D,SN20220922005611D,13.89,43.3
477649578_02_01_0,477649578_02_01,SN20220922005604D,201306,13.89,104.08
477649578_02_01_1,477649578_02_01,SN20220922005604D,201306,13.89,104.08
477649578_02_01_2,477649578_02_01,SN20220922005604D,201306,13.89,104.08
477649578_02_02_0,477649578_02_02,201306,SN20220922005604D,13.89,104.06
477649578_02_02_1,477649578_02_02,201306,SN20220922005604D,13.89,104.06
477649580_01_01_0,477649580_01_01,201306,SN20220922010955D,13.89,127.72
477649580_01_01_1,477649580_01_01,201306,SN20220922010955D,13.89,127.72
477649580_01_02_0,477649580_01_02,SN20220922010955D,201306,13.89,127.67
477649580_01_02_1,477649580_01_02,SN20220922010955D,201306,13.89,127.67
477649588_0101_01_0,477649588_0101_01,201940,SN20220922004828D,13.89,83.45
477649588_0101_01_1,477649588_0101_01,201940,SN20220922004828D,13.89,83.45
477649588_0101_02_0,477649588_0101_02,SN20220922004828D,201940,13.89,83.49
477649588_0101_02_1,477649588_0101_02,SN20220922004828D,201940,13.89,83.49
477649588_0101_02_2,477649588_0101_02,SN20220922004828D,201940,13.89,83.49
477649588_0202_01_0,477649588_0202_01,SN20220922004758D,203667,13.89,22.48
477649588_0202_01_1,477649588_0202_01,SN20220922004758D,203667,13.89,22.48
477649588_0202_01_2,477649588_0202_01,SN20220922004758D,203667,13.89,22.48
477649588_0202_02_0,477649588_0202_02,203667,SN20220922004758D,13.89,22.48
477649588_0202_02_1,477649588_0202_02,203667,SN20220922004758D,13.89,22.48
477651435_01_0,477651435_01,203422,203423,13.89,28.95
477651435_02_0,477651435_02,203423,203422,13.89,28.95
477651437_0101_01_0,477651437_0101_01,202957,SN20220922010312D,13.89,17.97
477651437_0101_01_1,477651437_0101_01,202957,SN20220922010312D,13.89,17.97
477651437_0101_02_0,477651437_0101_02,SN20220922010312D,202957,13.89,17.97
477651437_0101_02_1,477651437_0101_02,SN20220922010312D,202957,13.89,17.97
477651437_0102_01_0,477651437_0102_01,SN20220922010312D,SN20220922010308D,13.89,31.49
477651437_0102_01_1,477651437_0102_01,SN20220922010312D,SN20220922010308D,13.89,31.49
477651437_0102_01_2,477651437_0102_01,SN20220922010312D,SN20220922010308D,13.89,31.49
477651437_0102_02_0,477651437_0102_02,SN20220922010308D,SN20220922010312D,13.89,31.49
477651437_0102_02_1,477651437_0102_02,SN20220922010308D,SN20220922010312D,13.89,31.49
477651437_02_01_0,477651437_02_01,SN20220922010308D,203423,13.89,112.32
477651437_02_01_1,477651437_02_01,SN20220922010308D,203423,13.89,112.32
477651437_02_02_0,477651437_02_02,203423,SN20220922010308D,13.89,112.32
477651437_02_02_1,477651437_02_02,203423,SN20220922010308D,13.89,112.32
477651439_01_0,477651439_01,201306,203423,13.89,173.23
477651439_01_1,477651439_01,201306,203423,13.89,173.23
477651439_02_0,477651439_02,203423,201306,13.89,173.25
477651439_02_1,477651439_02,203423,201306,13.89,173.25
477653357_01_0,477653357_01,201711,203667,13.89,33.83
477653357_01_1,477653357_01,201711,203667,13.89,33.83
477653357_02_0,477653357_02,203667,201711,13.89,33.83
477653357_02_1,477653357_02,203667,201711,13.89,33.83
477653357_02_2,477653357_02,203667,201711,13.89,33.83
477654134_01_0,477654134_01,203034,203732,13.89,64.54
477654134_02_0,477654134_02,203732,203034,13.89,64.54
477654162_01_0,477654162_01,203736,203737,13.89,17.63
477654162_02_0,477654162_02,203737,203736,13.89,17.63
477654165_01_0,477654165_01,201286,203737,11.11,8.77
477654165_02_0,477654165_02,203737,201286,11.11,8.77
477655706_01_0,477655706_01,202119,203822,13.89,7.91
477655706_02_0,477655706_02,203822,202119,13.89,7.91
477655706_02_1,477655706_02,203822,202119,13.89,7.91
477655738_01_0,477655738_01,203019,203823,13.89,45.0
477655738_02_0,477655738_02,203823,203019,13.89,45.0
477656844_01_0,477656844_01,206751,203893,13.89,65.25
477656844_02_0,477656844_02,203893,206751,13.89,65.38
477656846_01_0,477656846_01,201274,203893,16.67,56.84
477656846_01_1,477656846_01,201274,203893,16.67,56.84
477656846_01_2,477656846_01,201274,203893,16.67,56.84
477656846_02_0,477656846_02,203893,201274,16.67,56.84
477656846_02_1,477656846_02,203893,201274,16.67,56.84
477656848_01_0,477656848_01,204920,203893,11.11,89.34
477656848_01_1,477656848_01,204920,203893,11.11,89.34
477656848_02_0,477656848_02,203893,204920,11.11,89.53
477656848_02_1,477656848_02,203893,204920,11.11,89.53
477656848_02_2,477656848_02,203893,204920,11.11,89.53
477657424_01_0,477657424_01,201330,202478,13.89,10.09
477657424_01_1,477657424_01,201330,202478,13.89,10.09
477657424_02_0,477657424_02,202478,201330,13.89,10.09
477657424_02_1,477657424_02,202478,201330,13.89,10.09
477657424_02_2,477657424_02,202478,201330,13.89,10.09
477658274_01_0,477658274_01,201290,203946,13.89,8.18
477658274_02_0,477658274_02,203946,201290,13.89,8.18
477658274_02_1,477658274_02,203946,201290,13.89,8.18
477660958_01_0,477660958_01,201300,204073,16.67,30.99
477660958_01_1,477660958_01,201300,204073,16.67,30.99
477660958_01_2,477660958_01,201300,204073,16.67,30.99
477660958_02_0,477660958_02,204073,201300,16.67,30.99
477660958_02_1,477660958_02,204073,201300,16.67,30.99
477660958_02_2,477660958_02,204073,201300,16.67,30.99
477660958_02_3,477660958_02,204073,201300,16.67,30.99
477666530_01_0,477666530_01,201305,552540,16.67,8.78
477666530_01_1,477666530_01,201305,552540,16.67,8.78
477666530_01_2,477666530_01,201305,552540,16.67,8.78
477666530_02_0,477666530_02,552540,201305,16.67,8.78
477666530_02_1,477666530_02,552540,201305,16.67,8.78
477666530_02_2,477666530_02,552540,201305,16.67,8.78
477666532_0102_01_0,477666532_0102_01,SN20220622163830B,SN20220622163826B,16.67,5.75
477666532_0102_01_1,477666532_0102_01,SN20220622163830B,SN20220622163826B,16.67,5.75
477666532_0102_01_2,477666532_0102_01,SN20220622163830B,SN20220622163826B,16.67,5.75
477666532_0102_02_0,477666532_0102_02,SN20220622163826B,SN20220622163830B,16.67,5.75
477666532_0102_02_1,477666532_0102_02,SN20220622163826B,SN20220622163830B,16.67,5.75
477666532_02_01_0,477666532_02_01,SN20220622163826B,552540,16.67,25.9
477666532_02_01_1,477666532_02_01,SN20220622163826B,552540,16.67,25.9
477666532_02_01_2,477666532_02_01,SN20220622163826B,552540,16.67,25.9
477666532_02_02_0,477666532_02_02,552540,SN20220622163826B,16.67,25.9
477666532_02_02_1,477666532_02_02,552540,SN20220622163826B,16.67,25.9
477666532_02_02_2,477666532_02_02,552540,SN20220622163826B,16.67,25.9
477666868_01_01_0,477666868_01_01,201620,SN20220924183814A,13.89,46.64
477666868_01_01_1,477666868_01_01,201620,SN20220924183814A,13.89,46.64
477666868_01_01_2,477666868_01_01,201620,SN20220924183814A,13.89,46.64
477666868_01_02_0,477666868_01_02,SN20220924183814A,201620,13.89,46.64
477666868_01_02_1,477666868_01_02,SN20220924183814A,201620,13.89,46.64
477666868_01_02_2,477666868_01_02,SN20220924183814A,201620,13.89,46.64
477666868_01_02_3,477666868_01_02,SN20220924183814A,201620,13.89,46.64
477666868_02_01_0,477666868_02_01,SN20220924183814A,202120,13.89,55.6
477666868_02_01_1,477666868_02_01,SN20220924183814A,202120,13.89,55.6
477666868_02_01_2,477666868_02_01,SN20220924183814A,202120,13.89,55.6
477666868_02_02_0,477666868_02_02,202120,SN20220924183814A,13.89,55.6
477666868_02_02_1,477666868_02_02,202120,SN20220924183814A,13.89,55.6
477666868_02_02_2,477666868_02_02,202120,SN20220924183814A,13.89,55.6
477666868_02_02_3,477666868_02_02,202120,SN20220924183814A,13.89,55.6
477670332_01_0,477670332_01,201289,201293,16.67,134.61
477670332_01_1,477670332_01,201289,201293,16.67,134.61
477670332_01_2,477670332_01,201289,201293,16.67,134.61
477670332_02_0,477670332_02,201293,201289,16.67,135.67
477670332_02_1,477670332_02,201293,201289,16.67,135.67
477670332_02_2,477670332_02,201293,201289,16.67,135.67
477672542_01_0,477672542_01,201274,634414,13.89,33.29
477672542_02_0,477672542_02,634414,201274,13.89,33.29
477672542_02_1,477672542_02,634414,201274,13.89,33.29
477672544_01_0,477672544_01,634204,634415,13.89,37.91
477672544_02_0,477672544_02,634415,634204,13.89,37.91
477672544_02_1,477672544_02,634415,634204,13.89,37.91
477672552_01_0,477672552_01,634264,634416,13.89,86.6
477672552_02_0,477672552_02,634416,634264,13.89,86.6
477703393_01_0,477703393_01,204816,204817,13.89,239.52
477703393_02_0,477703393_02,204817,204816,13.89,239.52
477703597_01_0,477703597_01,204817,204818,11.11,140.95
477703597_02_0,477703597_02,204818,204817,11.11,140.95
477703787_01_0,477703787_01,204815,204816,11.11,58.21
477703787_02_0,477703787_02,204816,204815,11.11,58.21
477703841_01_0,477703841_01,204809,204811,16.67,58.03
477703841_02_0,477703841_02,204811,204809,16.67,58.05
477704547_01_0,477704547_01,204822,204823,13.89,80.44
477704547_01_1,477704547_01,204822,204823,13.89,80.44
477704547_02_0,477704547_02,204823,204822,13.89,80.81
477704547_02_1,477704547_02,204823,204822,13.89,80.81
477704547_02_2,477704547_02,204823,204822,13.89,80.81
477704547_02_3,477704547_02,204823,204822,13.89,80.81
477704569_01_0,477704569_01,204812,204813,11.11,70.54
477704569_01_1,477704569_01,204812,204813,11.11,70.54
477704569_01_2,477704569_01,204812,204813,11.11,70.54
477704569_02_0,477704569_02,204813,204812,11.11,70.12
477704569_02_1,477704569_02,204813,204812,11.11,70.12
477704969_01_0,477704969_01,204813,204818,16.67,55.75
477704969_01_1,477704969_01,204813,204818,16.67,55.75
477704969_02_0,477704969_02,204818,204813,16.67,55.75
477704969_02_1,477704969_02,204818,204813,16.67,55.75
477706260_01_01_0,477706260_01_01,204812,SN20220622174112A,16.67,69.76
477706260_01_01_1,477706260_01_01,204812,SN20220622174112A,16.67,69.76
477706260_01_01_2,477706260_01_01,204812,SN20220622174112A,16.67,69.76
477706260_01_01_3,477706260_01_01,204812,SN20220622174112A,16.67,69.76
477706260_01_01_4,477706260_01_01,204812,SN20220622174112A,16.67,69.76
477706260_01_01_5,477706260_01_01,204812,SN20220622174112A,16.67,69.76
477706260_01_02_0,477706260_01_02,SN20220622174112A,204812,16.67,69.76
477706260_01_02_1,477706260_01_02,SN20220622174112A,204812,16.67,69.76
477706260_01_02_2,477706260_01_02,SN20220622174112A,204812,16.67,69.76
477706260_01_02_3,477706260_01_02,SN20220622174112A,204812,16.67,69.76
477706260_01_02_4,477706260_01_02,SN20220622174112A,204812,16.67,69.76
477706260_02_01_0,477706260_02_01,SN20220622174112A,204884,16.67,34.18
477706260_02_01_1,477706260_02_01,SN20220622174112A,204884,16.67,34.18
477706260_02_01_2,477706260_02_01,SN20220622174112A,204884,16.67,34.18
477706260_02_01_3,477706260_02_01,SN20220622174112A,204884,16.67,34.18
477706260_02_01_4,477706260_02_01,SN20220622174112A,204884,16.67,34.18
477706260_02_01_5,477706260_02_01,SN20220622174112A,204884,16.67,34.18
477706260_02_02_0,477706260_02_02,204884,SN20220622174112A,16.67,34.18
477706260_02_02_1,477706260_02_02,204884,SN20220622174112A,16.67,34.18
477706260_02_02_2,477706260_02_02,204884,SN20220622174112A,16.67,34.18
477706260_02_02_3,477706260_02_02,204884,SN20220622174112A,16.67,34.18
477706260_02_02_4,477706260_02_02,204884,SN20220622174112A,16.67,34.18
477706260_02_02_5,477706260_02_02,204884,SN20220622174112A,16.67,34.18
477706392_01_0,477706392_01,204820,204884,11.11,13.38
477706392_01_1,477706392_01,204820,204884,11.11,13.38
477706392_01_2,477706392_01,204820,204884,11.11,13.38
477706392_01_3,477706392_01,204820,204884,11.11,13.38
477706392_01_4,477706392_01,204820,204884,11.11,13.38
477706392_02_0,477706392_02,204884,204820,11.11,11.91
477706392_02_1,477706392_02,204884,204820,11.11,11.91
477706392_02_2,477706392_02,204884,204820,11.11,11.91
477706392_02_3,477706392_02,204884,204820,11.11,11.91
477706392_02_4,477706392_02,204884,204820,11.11,11.91
477706392_02_5,477706392_02,204884,204820,11.11,11.91
477706439_01_0,477706439_01,204822,204885,11.11,20.31
477706439_01_1,477706439_01,204822,204885,11.11,20.31
477706439_01_2,477706439_01,204822,204885,11.11,20.31
477706439_01_3,477706439_01,204822,204885,11.11,20.31
477706439_01_4,477706439_01,204822,204885,11.11,20.31
477706439_01_5,477706439_01,204822,204885,11.11,20.31
477706439_02_0,477706439_02,204885,204822,11.11,20.24
477706439_02_1,477706439_02,204885,204822,11.11,20.24
477706439_02_2,477706439_02,204885,204822,11.11,20.24
477706439_02_3,477706439_02,204885,204822,11.11,20.24
477706439_02_4,477706439_02,204885,204822,11.11,20.24
477706439_02_5,477706439_02,204885,204822,11.11,20.24
477706520_01_0,477706520_01,204797,204795,13.89,55.09
477706883_01_0,477706883_01,SN202201019173108A,204820,13.89,19.13
477706883_01_1,477706883_01,SN202201019173108A,204820,13.89,19.13
477706883_01_2,477706883_01,SN202201019173108A,204820,13.89,19.13
477706883_01_3,477706883_01,SN202201019173108A,204820,13.89,19.13
477706883_01_01_0,477706883_01_01,204814,SN20220926134018D,13.89,10.1
477706883_01_01_1,477706883_01_01,204814,SN20220926134018D,13.89,10.1
477706883_01_01_2,477706883_01_01,204814,SN20220926134018D,13.89,10.1
477706883_01_01_3,477706883_01_01,204814,SN20220926134018D,13.89,10.1
477706883_01_02_0,477706883_01_02,SN20220926134018D,204814,13.89,10.1
477706883_01_02_1,477706883_01_02,SN20220926134018D,204814,13.89,10.1
477706883_02_0,477706883_02,204820,SN202201019173108A,13.89,19.13
477706883_02_1,477706883_02,204820,SN202201019173108A,13.89,19.13
477706883_02_2,477706883_02,204820,SN202201019173108A,13.89,19.13
477706883_02_3,477706883_02,204820,SN202201019173108A,13.89,19.13
477706883_0201_01_0,477706883_0201_01,SN20220926134018D,SN202201019173108A,13.89,32.66
477706883_0201_01_1,477706883_0201_01,SN20220926134018D,SN202201019173108A,13.89,32.66
477706883_0201_01_2,477706883_0201_01,SN20220926134018D,SN202201019173108A,13.89,32.66
477706883_0201_01_3,477706883_0201_01,SN20220926134018D,SN202201019173108A,13.89,32.66
477706883_0201_02_0,477706883_0201_02,SN202201019173108A,SN20220926134018D,13.89,32.66
477706883_0201_02_1,477706883_0201_02,SN202201019173108A,SN20220926134018D,13.89,32.66
477706883_0201_02_2,477706883_0201_02,SN202201019173108A,SN20220926134018D,13.89,32.66
477706883_0201_02_3,477706883_0201_02,SN202201019173108A,SN20220926134018D,13.89,32.66
477706911_01_0,477706911_01,SN202201019173237A,204820,13.89,11.1
477706911_01_1,477706911_01,SN202201019173237A,204820,13.89,11.1
477706911_01_2,477706911_01,SN202201019173237A,204820,13.89,11.1
477706911_01_01_0,477706911_01_01,204808,SN202201019173237A,13.89,47.08
477706911_01_01_1,477706911_01_01,204808,SN202201019173237A,13.89,47.08
477706911_01_01_2,477706911_01_01,204808,SN202201019173237A,13.89,47.08
477706911_01_02_0,477706911_01_02,SN202201019173237A,204808,13.89,47.08
477706911_01_02_1,477706911_01_02,SN202201019173237A,204808,13.89,47.08
477706911_02_02_0,477706911_02_02,204820,SN202201019173237A,13.89,11.1
477706911_02_02_1,477706911_02_02,204820,SN202201019173237A,13.89,11.1
477706926_0101_01_0,477706926_0101_01,204814,SN20220920232934C,13.89,29.24
477706926_0101_01_1,477706926_0101_01,204814,SN20220920232934C,13.89,29.24
477706926_0101_02_0,477706926_0101_02,SN20220920232934C,204814,13.89,29.24
477706926_0101_02_1,477706926_0101_02,SN20220920232934C,204814,13.89,29.24
477706926_0101_02_2,477706926_0101_02,SN20220920232934C,204814,13.89,29.24
477706926_0102_01_0,477706926_0102_01,SN20220920232934C,SN20220920232726C,13.89,0.2
477706926_0102_01_1,477706926_0102_01,SN20220920232934C,SN20220920232726C,13.89,0.2
477706926_0102_01_2,477706926_0102_01,SN20220920232934C,SN20220920232726C,13.89,0.2
477706926_0102_02_0,477706926_0102_02,SN20220920232726C,SN20220920232934C,13.89,0.2
477706926_0102_02_1,477706926_0102_02,SN20220920232726C,SN20220920232934C,13.89,0.2
477706926_02_01_0,477706926_02_01,SN20220920232726C,204817,13.89,10.44
477706926_02_01_1,477706926_02_01,SN20220920232726C,204817,13.89,10.44
477706926_02_01_2,477706926_02_01,SN20220920232726C,204817,13.89,10.44
477706926_02_02_0,477706926_02_02,204817,SN20220920232726C,13.89,10.44
477706926_02_02_1,477706926_02_02,204817,SN20220920232726C,13.89,10.44
477706931_01_01_0,477706931_01_01,204848,SN20220622145059F,16.67,36.86
477706931_01_01_1,477706931_01_01,204848,SN20220622145059F,16.67,36.86
477706931_01_01_2,477706931_01_01,204848,SN20220622145059F,16.67,36.86
477706931_01_01_3,477706931_01_01,204848,SN20220622145059F,16.67,36.86
477706931_01_01_4,477706931_01_01,204848,SN20220622145059F,16.67,36.86
477706931_01_02_0,477706931_01_02,SN20220622145059F,204848,16.67,36.86
477706931_01_02_1,477706931_01_02,SN20220622145059F,204848,16.67,36.86
477706931_01_02_2,477706931_01_02,SN20220622145059F,204848,16.67,36.86
477706931_01_02_3,477706931_01_02,SN20220622145059F,204848,16.67,36.86
477706931_01_02_4,477706931_01_02,SN20220622145059F,204848,16.67,36.86
477706931_01_02_5,477706931_01_02,SN20220622145059F,204848,16.67,36.86
477706931_01_02_6,477706931_01_02,SN20220622145059F,204848,16.67,36.86
477707011_01_0,477707011_01,204810,204822,16.67,60.37
477707011_01_1,477707011_01,204810,204822,16.67,60.37
477707011_01_2,477707011_01,204810,204822,16.67,60.37
477707011_02_0,477707011_02,204822,204810,16.67,60.43
477707011_02_1,477707011_02,204822,204810,16.67,60.43
477707013_01_0,477707013_01,204820,204883,13.89,18.19
477707013_01_1,477707013_01,204820,204883,13.89,18.19
477707013_01_2,477707013_01,204820,204883,13.89,18.19
477707013_01_3,477707013_01,204820,204883,13.89,18.19
477707013_01_4,477707013_01,204820,204883,13.89,18.19
477707013_02_0,477707013_02,204883,204820,13.89,18.19
477707013_02_1,477707013_02,204883,204820,13.89,18.19
477707013_02_2,477707013_02,204883,204820,13.89,18.19
477707013_02_3,477707013_02,204883,204820,13.89,18.19
477707013_02_4,477707013_02,204883,204820,13.89,18.19
477707013_02_5,477707013_02,204883,204820,13.89,18.19
477707013_02_6,477707013_02,204883,204820,13.89,18.19
477707232_01_01_0,477707232_01_01,204798,SN20220622171052B,13.89,88.08
477707232_01_01_1,477707232_01_01,204798,SN20220622171052B,13.89,88.08
477707232_01_01_2,477707232_01_01,204798,SN20220622171052B,13.89,88.08
477707232_01_01_3,477707232_01_01,204798,SN20220622171052B,13.89,88.08
477707232_01_01_4,477707232_01_01,204798,SN20220622171052B,13.89,88.08
477707232_01_02_0,477707232_01_02,SN20220622171052B,204798,13.89,87.54
477707232_01_02_1,477707232_01_02,SN20220622171052B,204798,13.89,87.54
477707232_01_02_2,477707232_01_02,SN20220622171052B,204798,13.89,87.54
477707232_01_02_3,477707232_01_02,SN20220622171052B,204798,13.89,87.54
477707232_01_02_4,477707232_01_02,SN20220622171052B,204798,13.89,87.54
477707232_01_02_5,477707232_01_02,SN20220622171052B,204798,13.89,87.54
477710458_01_0,477710458_01,204812,205549,16.67,60.96
477710458_02_0,477710458_02,205549,204812,16.67,60.96
477712245_01_0,477712245_01,205201,204798,13.89,46.33
477714166_01_01_0,477714166_01_01,204795,SN20220622172523A,11.11,56.42
477714166_01_01_1,477714166_01_01,204795,SN20220622172523A,11.11,56.42
477714166_01_01_2,477714166_01_01,204795,SN20220622172523A,11.11,56.42
477714166_01_01_3,477714166_01_01,204795,SN20220622172523A,11.11,56.42
477714166_02_01_0,477714166_02_01,SN20220622172523A,204825,11.11,25.85
477714166_02_01_1,477714166_02_01,SN20220622172523A,204825,11.11,25.85
477714166_02_01_2,477714166_02_01,SN20220622172523A,204825,11.11,25.85
477714244_01_01_0,477714244_01_01,205203,SN20220623142615Q,19.44,50.95
477714244_01_01_1,477714244_01_01,205203,SN20220623142615Q,19.44,50.95
477714244_01_01_2,477714244_01_01,205203,SN20220623142615Q,19.44,50.95
477714244_02_01_0,477714244_02_01,SN20220623142615Q,205201,19.44,41.38
477714244_02_01_1,477714244_02_01,SN20220623142615Q,205201,19.44,41.38
477714244_02_01_2,477714244_02_01,SN20220623142615Q,205201,19.44,41.38
477714244_02_01_3,477714244_02_01,SN20220623142615Q,205201,19.44,41.38
477714888_01_0,477714888_01,204822,205171,11.11,26.48
477714888_01_1,477714888_01,204822,205171,11.11,26.48
477714888_01_2,477714888_01,204822,205171,11.11,26.48
477714888_01_3,477714888_01,204822,205171,11.11,26.48
477714888_01_4,477714888_01,204822,205171,11.11,26.48
477714888_02_0,477714888_02,205171,204822,11.11,26.23
477714888_02_1,477714888_02,205171,204822,11.11,26.23
477714888_02_2,477714888_02,205171,204822,11.11,26.23
477714888_02_3,477714888_02,205171,204822,11.11,26.23
477714888_02_4,477714888_02,205171,204822,11.11,26.23
477714888_02_5,477714888_02,205171,204822,11.11,26.23
477714888_02_6,477714888_02,205171,204822,11.11,26.23
477714892_01_0,477714892_01,204848,205171,16.67,121.83
477714892_01_1,477714892_01,204848,205171,16.67,121.83
477714892_01_2,477714892_01,204848,205171,16.67,121.83
477714892_01_3,477714892_01,204848,205171,16.67,121.83
477714892_01_4,477714892_01,204848,205171,16.67,121.83
477714892_01_5,477714892_01,204848,205171,16.67,121.83
477714892_01_6,477714892_01,204848,205171,16.67,121.83
477714892_02_0,477714892_02,205171,204848,16.67,121.05
477714892_02_1,477714892_02,205171,204848,16.67,121.05
477714892_02_2,477714892_02,205171,204848,16.67,121.05
477714892_02_3,477714892_02,205171,204848,16.67,121.05
477714892_02_4,477714892_02,205171,204848,16.67,121.05
477714896_01_0,477714896_01,204811,204885,16.67,110.68
477714896_01_1,477714896_01,204811,204885,16.67,110.68
477714896_01_2,477714896_01,204811,204885,16.67,110.68
477714896_01_3,477714896_01,204811,204885,16.67,110.68
477714896_01_4,477714896_01,204811,204885,16.67,110.68
477714896_01_5,477714896_01,204811,204885,16.67,110.68
477714896_02_0,477714896_02,204885,204811,16.67,109.86
477714896_02_1,477714896_02,204885,204811,16.67,109.86
477714896_02_2,477714896_02,204885,204811,16.67,109.86
477714896_02_3,477714896_02,204885,204811,16.67,109.86
477714896_02_4,477714896_02,204885,204811,16.67,109.86
477714896_02_5,477714896_02,204885,204811,16.67,109.86
477715088_0101_01_0,477715088_0101_01,204883,SN20220622173835A,13.89,50.12
477715088_0101_01_1,477715088_0101_01,204883,SN20220622173835A,13.89,50.12
477715088_0101_01_2,477715088_0101_01,204883,SN20220622173835A,13.89,50.12
477715088_0101_01_3,477715088_0101_01,204883,SN20220622173835A,13.89,50.12
477715088_0101_01_4,477715088_0101_01,204883,SN20220622173835A,13.89,50.12
477715088_0101_02_0,477715088_0101_02,SN20220622173835A,204883,13.89,50.12
477715088_0101_02_1,477715088_0101_02,SN20220622173835A,204883,13.89,50.12
477715088_0101_02_2,477715088_0101_02,SN20220622173835A,204883,13.89,50.12
477715088_0101_02_3,477715088_0101_02,SN20220622173835A,204883,13.89,50.12
477715088_0101_02_4,477715088_0101_02,SN20220622173835A,204883,13.89,50.12
477715088_0101_02_5,477715088_0101_02,SN20220622173835A,204883,13.89,50.12
477715088_0101_02_6,477715088_0101_02,SN20220622173835A,204883,13.89,50.12
477715088_0102_01_0,477715088_0102_01,SN20220622173835A,SN20220622173714A,13.89,23.59
477715088_0102_01_1,477715088_0102_01,SN20220622173835A,SN20220622173714A,13.89,23.59
477715088_0102_01_2,477715088_0102_01,SN20220622173835A,SN20220622173714A,13.89,23.59
477715088_0102_01_3,477715088_0102_01,SN20220622173835A,SN20220622173714A,13.89,23.59
477715088_0102_01_4,477715088_0102_01,SN20220622173835A,SN20220622173714A,13.89,23.59
477715088_0102_02_0,477715088_0102_02,SN20220622173714A,SN20220622173835A,13.89,23.59
477715088_0102_02_1,477715088_0102_02,SN20220622173714A,SN20220622173835A,13.89,23.59
477715088_0102_02_2,477715088_0102_02,SN20220622173714A,SN20220622173835A,13.89,23.59
477715088_0102_02_3,477715088_0102_02,SN20220622173714A,SN20220622173835A,13.89,23.59
477715088_0102_02_4,477715088_0102_02,SN20220622173714A,SN20220622173835A,13.89,23.59
477715088_0102_02_5,477715088_0102_02,SN20220622173714A,SN20220622173835A,13.89,23.59
477715088_0102_02_6,477715088_0102_02,SN20220622173714A,SN20220622173835A,13.89,23.59
477715088_02_01_0,477715088_02_01,SN20220622173714A,205197,13.89,14.01
477715088_02_01_1,477715088_02_01,SN20220622173714A,205197,13.89,14.01
477715088_02_01_2,477715088_02_01,SN20220622173714A,205197,13.89,14.01
477715088_02_01_3,477715088_02_01,SN20220622173714A,205197,13.89,14.01
477715088_02_01_4,477715088_02_01,SN20220622173714A,205197,13.89,14.01
477715088_02_01_5,477715088_02_01,SN20220622173714A,205197,13.89,14.01
477715088_02_02_0,477715088_02_02,205197,SN20220622173714A,13.89,14.01
477715088_02_02_1,477715088_02_02,205197,SN20220622173714A,13.89,14.01
477715088_02_02_2,477715088_02_02,205197,SN20220622173714A,13.89,14.01
477715088_02_02_3,477715088_02_02,205197,SN20220622173714A,13.89,14.01
477715088_02_02_4,477715088_02_02,205197,SN20220622173714A,13.89,14.01
477715088_02_02_5,477715088_02_02,205197,SN20220622173714A,13.89,14.01
477715096_01_01_0,477715096_01_01,205197,SN20220623111335D,13.89,42.19
477715096_01_01_1,477715096_01_01,205197,SN20220623111335D,13.89,42.19
477715096_01_01_2,477715096_01_01,205197,SN20220623111335D,13.89,42.19
477715096_01_01_3,477715096_01_01,205197,SN20220623111335D,13.89,42.19
477715096_02_01_0,477715096_02_01,SN20220623111335D,205203,13.89,41.87
477715096_02_01_1,477715096_02_01,SN20220623111335D,205203,13.89,41.87
477715096_02_01_2,477715096_02_01,SN20220623111335D,205203,13.89,41.87
477744390_01_0,477744390_01,205015,205197,13.89,583.78
477744390_01_1,477744390_01,205015,205197,13.89,583.78
477744390_02_0,477744390_02,205197,205015,13.89,584.5
477744390_02_1,477744390_02,205197,205015,13.89,584.5
477744474_01_0,477744474_01,204920,SN20220622165521B,13.89,143.16
477744474_01_1,477744474_01,204920,SN20220622165521B,13.89,143.16
477744474_01_2,477744474_01,204920,SN20220622165521B,13.89,143.16
477744474_01_3,477744474_01,204920,SN20220622165521B,13.89,143.16
477744474_01_4,477744474_01,204920,SN20220622165521B,13.89,143.16
477744474_01_5,477744474_01,204920,SN20220622165521B,13.89,143.16
477744474_02_0,477744474_02,SN20220622165521B,204920,13.89,143.16
477744474_02_1,477744474_02,SN20220622165521B,204920,13.89,143.16
477744474_02_2,477744474_02,SN20220622165521B,204920,13.89,143.16
477744474_02_3,477744474_02,SN20220622165521B,204920,13.89,143.16
477744474_02_4,477744474_02,SN20220622165521B,204920,13.89,143.16
477744474_02_5,477744474_02,SN20220622165521B,204920,13.89,143.16
477748635_01_0,477748635_01,204798,205830,13.89,65.8
477748640_01_0,477748640_01,cluster_204796_205202,205830,16.67,33.54
477748640_01_1,477748640_01,cluster_204796_205202,205830,16.67,33.54
477748643_01_0,477748643_01,205832,205833,13.89,14.49
477748647_01_0,477748647_01,205830,205833,16.67,6.5
477748647_01_1,477748647_01,205830,205833,16.67,6.5
477748647_01_2,477748647_01,205830,205833,16.67,6.5
477748651_01_0,477748651_01,205835,204795,11.11,1.7
477748651_01_1,477748651_01,205835,204795,11.11,1.7
477748651_01_2,477748651_01,205835,204795,11.11,1.7
477748652_01_0,477748652_01,cluster_204796_205202,205835,11.11,22.95
477748652_01_1,477748652_01,cluster_204796_205202,205835,11.11,22.95
477748652_01_2,477748652_01,cluster_204796_205202,205835,11.11,22.95
477748715_01_0,477748715_01,205852,205015,19.44,87.75
477748715_01_1,477748715_01,205852,205015,19.44,87.75
477748715_01_2,477748715_01,205852,205015,19.44,87.75
477748716_01_0,477748716_01,205833,205852,16.67,141.78
477748716_01_1,477748716_01,205833,205852,16.67,141.78
477748716_01_2,477748716_01,205833,205852,16.67,141.78
477750128_01_0,477750128_01,204818,206055,13.89,12.86
477750128_02_0,477750128_02,206055,204818,13.89,12.86
477750630_01_0,477750630_01,605043,204815,13.89,212.31
477750630_01_1,477750630_01,605043,204815,13.89,212.31
477750634_01_0,477750634_01,605043,605044,13.89,21.21
477750634_01_1,477750634_01,605043,605044,13.89,21.21
477750635_01_0,477750635_01,SN20220926134018D,605043,13.89,22.18
477750635_01_1,477750635_01,SN20220926134018D,605043,13.89,22.18
477750639_01_0,477750639_01,204813,204814,13.89,138.86
477750729_01_0,477750729_01,205203,206148,13.89,191.42
477750729_02_0,477750729_02,206148,205203,13.89,198.05
477752894_0101_01_0,477752894_0101_01,204811,SN20220622142819F,16.67,13.56
477752894_0101_01_1,477752894_0101_01,204811,SN20220622142819F,16.67,13.56
477752894_0101_01_2,477752894_0101_01,204811,SN20220622142819F,16.67,13.56
477752894_0101_01_3,477752894_0101_01,204811,SN20220622142819F,16.67,13.56
477752894_0101_01_4,477752894_0101_01,204811,SN20220622142819F,16.67,13.56
477752894_0101_02_0,477752894_0101_02,SN20220622142819F,204811,16.67,13.56
477752894_0101_02_1,477752894_0101_02,SN20220622142819F,204811,16.67,13.56
477752894_0101_02_2,477752894_0101_02,SN20220622142819F,204811,16.67,13.56
477752894_0101_02_3,477752894_0101_02,SN20220622142819F,204811,16.67,13.56
477752894_0101_02_4,477752894_0101_02,SN20220622142819F,204811,16.67,13.56
477752894_0101_02_5,477752894_0101_02,SN20220622142819F,204811,16.67,13.56
477752894_0102_01_0,477752894_0102_01,SN20220622142819F,SN20220622142657F,16.67,33.33
477752894_0102_01_1,477752894_0102_01,SN20220622142819F,SN20220622142657F,16.67,33.33
477752894_0102_01_2,477752894_0102_01,SN20220622142819F,SN20220622142657F,16.67,33.33
477752894_0102_01_3,477752894_0102_01,SN20220622142819F,SN20220622142657F,16.67,33.33
477752894_0102_01_4,477752894_0102_01,SN20220622142819F,SN20220622142657F,16.67,33.33
477752894_0102_02_0,477752894_0102_02,SN20220622142657F,SN20220622142819F,16.67,33.33
477752894_0102_02_1,477752894_0102_02,SN20220622142657F,SN20220622142819F,16.67,33.33
477752894_0102_02_2,477752894_0102_02,SN20220622142657F,SN20220622142819F,16.67,33.33
477752894_0102_02_3,477752894_0102_02,SN20220622142657F,SN20220622142819F,16.67,33.33
477752894_0102_02_4,477752894_0102_02,SN20220622142657F,SN20220622142819F,16.67,33.33
477752894_0102_02_5,477752894_0102_02,SN20220622142657F,SN20220622142819F,16.67,33.33
477752894_0102_02_6,477752894_0102_02,SN20220622142657F,SN20220622142819F,16.67,33.33
477752894_020101_01_0,477752894_020101_01,SN20220622142657F,SN20220622142801F,16.67,41.23
477752894_020101_01_1,477752894_020101_01,SN20220622142657F,SN20220622142801F,16.67,41.23
477752894_020101_01_2,477752894_020101_01,SN20220622142657F,SN20220622142801F,16.67,41.23
477752894_020101_01_3,477752894_020101_01,SN20220622142657F,SN20220622142801F,16.67,41.23
477752894_020101_01_4,477752894_020101_01,SN20220622142657F,SN20220622142801F,16.67,41.23
477752894_020101_01_5,477752894_020101_01,SN20220622142657F,SN20220622142801F,16.67,41.23
477752894_020101_02_0,477752894_020101_02,SN20220622142801F,SN20220622142657F,16.67,41.23
477752894_020101_02_1,477752894_020101_02,SN20220622142801F,SN20220622142657F,16.67,41.23
477752894_020101_02_2,477752894_020101_02,SN20220622142801F,SN20220622142657F,16.67,41.23
477752894_020101_02_3,477752894_020101_02,SN20220622142801F,SN20220622142657F,16.67,41.23
477752894_020101_02_4,477752894_020101_02,SN20220622142801F,SN20220622142657F,16.67,41.23
477752894_020101_02_5,477752894_020101_02,SN20220622142801F,SN20220622142657F,16.67,41.23
477752894_020101_02_6,477752894_020101_02,SN20220622142801F,SN20220622142657F,16.67,41.23
477752894_020102_01_0,477752894_020102_01,SN20220622142801F,SN20220622142711F,16.67,28.56
477752894_020102_01_1,477752894_020102_01,SN20220622142801F,SN20220622142711F,16.67,28.56
477752894_020102_01_2,477752894_020102_01,SN20220622142801F,SN20220622142711F,16.67,28.56
477752894_020102_01_3,477752894_020102_01,SN20220622142801F,SN20220622142711F,16.67,28.56
477752894_020102_01_4,477752894_020102_01,SN20220622142801F,SN20220622142711F,16.67,28.56
477752894_020102_01_5,477752894_020102_01,SN20220622142801F,SN20220622142711F,16.67,28.56
477752894_020102_01_6,477752894_020102_01,SN20220622142801F,SN20220622142711F,16.67,28.56
477752894_020102_02_0,477752894_020102_02,SN20220622142711F,SN20220622142801F,16.67,28.56
477752894_020102_02_1,477752894_020102_02,SN20220622142711F,SN20220622142801F,16.67,28.56
477752894_020102_02_2,477752894_020102_02,SN20220622142711F,SN20220622142801F,16.67,28.56
477752894_020102_02_3,477752894_020102_02,SN20220622142711F,SN20220622142801F,16.67,28.56
477752894_020102_02_4,477752894_020102_02,SN20220622142711F,SN20220622142801F,16.67,28.56
477752894_020102_02_5,477752894_020102_02,SN20220622142711F,SN20220622142801F,16.67,28.56
477752894_020201_01_0,477752894_020201_01,SN20220622142711F,SN20220622142749F,16.67,45.85
477752894_020201_01_1,477752894_020201_01,SN20220622142711F,SN20220622142749F,16.67,45.85
477752894_020201_01_2,477752894_020201_01,SN20220622142711F,SN20220622142749F,16.67,45.85
477752894_020201_01_3,477752894_020201_01,SN20220622142711F,SN20220622142749F,16.67,45.85
477752894_020201_01_4,477752894_020201_01,SN20220622142711F,SN20220622142749F,16.67,45.85
477752894_020201_01_5,477752894_020201_01,SN20220622142711F,SN20220622142749F,16.67,45.85
477752894_020201_02_0,477752894_020201_02,SN20220622142749F,SN20220622142711F,16.67,46.02
477752894_020201_02_1,477752894_020201_02,SN20220622142749F,SN20220622142711F,16.67,46.02
477752894_020201_02_2,477752894_020201_02,SN20220622142749F,SN20220622142711F,16.67,46.02
477752894_020201_02_3,477752894_020201_02,SN20220622142749F,SN20220622142711F,16.67,46.02
477752894_020201_02_4,477752894_020201_02,SN20220622142749F,SN20220622142711F,16.67,46.02
477752894_020202_01_0,477752894_020202_01,SN20220622142749F,204812,16.67,6.52
477752894_020202_01_1,477752894_020202_01,SN20220622142749F,204812,16.67,6.52
477752894_020202_01_2,477752894_020202_01,SN20220622142749F,204812,16.67,6.52
477752894_020202_01_3,477752894_020202_01,SN20220622142749F,204812,16.67,6.52
477752894_020202_01_4,477752894_020202_01,SN20220622142749F,204812,16.67,6.52
477752894_020202_01_5,477752894_020202_01,SN20220622142749F,204812,16.67,6.52
477752894_020202_02_0,477752894_020202_02,204812,SN20220622142749F,16.67,6.52
477752894_020202_02_1,477752894_020202_02,204812,SN20220622142749F,16.67,6.52
477752894_020202_02_2,477752894_020202_02,204812,SN20220622142749F,16.67,6.52
477752894_020202_02_3,477752894_020202_02,204812,SN20220622142749F,16.67,6.52
477752894_020202_02_4,477752894_020202_02,204812,SN20220622142749F,16.67,6.52
477753312_0101_01_0,477753312_0101_01,204797,SN20220622165521B,13.89,62.78
477753312_0101_01_1,477753312_0101_01,204797,SN20220622165521B,13.89,62.78
477753312_0101_01_2,477753312_0101_01,204797,SN20220622165521B,13.89,62.78
477753312_0101_01_3,477753312_0101_01,204797,SN20220622165521B,13.89,62.78
477753312_0101_01_4,477753312_0101_01,204797,SN20220622165521B,13.89,62.78
477753312_0101_01_5,477753312_0101_01,204797,SN20220622165521B,13.89,62.78
477753312_0101_02_0,477753312_0101_02,SN20220622165521B,204797,13.89,62.78
477753312_0101_02_1,477753312_0101_02,SN20220622165521B,204797,13.89,62.78
477753312_0101_02_2,477753312_0101_02,SN20220622165521B,204797,13.89,62.78
477753312_0101_02_3,477753312_0101_02,SN20220622165521B,204797,13.89,62.78
477753312_0101_02_4,477753312_0101_02,SN20220622165521B,204797,13.89,62.78
477753312_0101_02_5,477753312_0101_02,SN20220622165521B,204797,13.89,62.78
477753313_01_0,477753313_01,cluster_204796_205202,206419,13.89,19.92
477753313_01_1,477753313_01,cluster_204796_205202,206419,13.89,19.92
477753313_01_2,477753313_01,cluster_204796_205202,206419,13.89,19.92
477753313_01_3,477753313_01,cluster_204796_205202,206419,13.89,19.92
477753313_01_4,477753313_01,cluster_204796_205202,206419,13.89,19.92
477753313_02_0,477753313_02,206419,cluster_204796_205202,13.89,19.85
477753313_02_1,477753313_02,206419,cluster_204796_205202,13.89,19.85
477753313_02_2,477753313_02,206419,cluster_204796_205202,13.89,19.85
477753313_02_3,477753313_02,206419,cluster_204796_205202,13.89,19.85
477753313_02_4,477753313_02,206419,cluster_204796_205202,13.89,19.85
477753313_02_5,477753313_02,206419,cluster_204796_205202,13.89,19.85
477753314_01_0,477753314_01,204797,206419,13.89,18.57
477753314_01_1,477753314_01,204797,206419,13.89,18.57
477753314_01_2,477753314_01,204797,206419,13.89,18.57
477753314_01_3,477753314_01,204797,206419,13.89,18.57
477753314_01_4,477753314_01,204797,206419,13.89,18.57
477753314_01_5,477753314_01,204797,206419,13.89,18.57
477753314_02_0,477753314_02,206419,204797,13.89,18.57
477753314_02_1,477753314_02,206419,204797,13.89,18.57
477753314_02_2,477753314_02,206419,204797,13.89,18.57
477753314_02_3,477753314_02,206419,204797,13.89,18.57
477753314_02_4,477753314_02,206419,204797,13.89,18.57
477754783_02_01_0,477754783_02_01,SN20220623171517B,206496,8.33,30.61
477754783_02_02_0,477754783_02_02,206496,SN20220623171517B,8.33,30.61
477754785_01_01_0,477754785_01_01,206496,SN20220622170109A,16.67,18.38
477754785_01_01_1,477754785_01_01,206496,SN20220622170109A,16.67,18.38
477754785_01_01_2,477754785_01_01,206496,SN20220622170109A,16.67,18.38
477754785_01_01_3,477754785_01_01,206496,SN20220622170109A,16.67,18.38
477754785_0201_01_0,477754785_0201_01,SN20220622170109A,SN20220622170111A,16.67,29.21
477754785_0201_01_1,477754785_0201_01,SN20220622170109A,SN20220622170111A,16.67,29.21
477754785_0201_01_2,477754785_0201_01,SN20220622170109A,SN20220622170111A,16.67,29.21
477754785_0201_01_3,477754785_0201_01,SN20220622170109A,SN20220622170111A,16.67,29.21
477754785_0201_01_4,477754785_0201_01,SN20220622170109A,SN20220622170111A,16.67,29.21
477754785_0202_01_0,477754785_0202_01,SN20220622170111A,205832,16.67,39.5
477754785_0202_01_1,477754785_0202_01,SN20220622170111A,205832,16.67,39.5
477754785_0202_01_2,477754785_0202_01,SN20220622170111A,205832,16.67,39.5
477754785_0202_01_3,477754785_0202_01,SN20220622170111A,205832,16.67,39.5
477754785_0202_01_4,477754785_0202_01,SN20220622170111A,205832,16.67,39.5
477755532_01_01_0,477755532_01_01,204920,SN20220622165136B,16.67,51.48
477755532_01_01_1,477755532_01_01,204920,SN20220622165136B,16.67,51.48
477755532_01_01_2,477755532_01_01,204920,SN20220622165136B,16.67,51.48
477755532_01_01_3,477755532_01_01,204920,SN20220622165136B,16.67,51.48
477755532_01_02_0,477755532_01_02,SN20220622165136B,204920,16.67,51.34
477755532_01_02_1,477755532_01_02,SN20220622165136B,204920,16.67,51.34
477755532_01_02_2,477755532_01_02,SN20220622165136B,204920,16.67,51.34
477755532_01_02_3,477755532_01_02,SN20220622165136B,204920,16.67,51.34
477755532_02_01_0,477755532_02_01,SN20220622165136B,206497,16.67,73.68
477755532_02_01_1,477755532_02_01,SN20220622165136B,206497,16.67,73.68
477755532_02_01_2,477755532_02_01,SN20220622165136B,206497,16.67,73.68
477755532_02_01_3,477755532_02_01,SN20220622165136B,206497,16.67,73.68
477755532_02_02_0,477755532_02_02,206497,SN20220622165136B,16.67,73.68
477755532_02_02_1,477755532_02_02,206497,SN20220622165136B,16.67,73.68
477755532_02_02_2,477755532_02_02,206497,SN20220622165136B,16.67,73.68
477757552_01_0,477757552_01,204798,206742,13.89,20.74
477757552_01_1,477757552_01,204798,206742,13.89,20.74
477757552_01_2,477757552_01,204798,206742,13.89,20.74
477757552_01_3,477757552_01,204798,206742,13.89,20.74
477757552_01_4,477757552_01,204798,206742,13.89,20.74
477757552_01_5,477757552_01,204798,206742,13.89,20.74
477757552_02_0,477757552_02,206742,204798,13.89,20.74
477757552_02_1,477757552_02,206742,204798,13.89,20.74
477757552_02_2,477757552_02,206742,204798,13.89,20.74
477757552_02_3,477757552_02,206742,204798,13.89,20.74
477757552_02_4,477757552_02,206742,204798,13.89,20.74
477757554_01_0,477757554_01,cluster_204796_205202,206742,13.89,12.36
477757554_01_1,477757554_01,cluster_204796_205202,206742,13.89,12.36
477757554_01_2,477757554_01,cluster_204796_205202,206742,13.89,12.36
477757554_01_3,477757554_01,cluster_204796_205202,206742,13.89,12.36
477757554_01_4,477757554_01,cluster_204796_205202,206742,13.89,12.36
477757554_02_0,477757554_02,206742,cluster_204796_205202,13.89,13.24
477757554_02_1,477757554_02,206742,cluster_204796_205202,13.89,13.24
477757554_02_2,477757554_02,206742,cluster_204796_205202,13.89,13.24
477757554_02_3,477757554_02,206742,cluster_204796_205202,13.89,13.24
477757554_02_4,477757554_02,206742,cluster_204796_205202,13.89,13.24
477757554_02_5,477757554_02,206742,cluster_204796_205202,13.89,13.24
477759062_01_01_0,477759062_01_01,206497,SN20220925184905A,13.89,38.72
477759062_01_01_1,477759062_01_01,206497,SN20220925184905A,13.89,38.72
477759062_01_01_2,477759062_01_01,206497,SN20220925184905A,13.89,38.72
477759062_01_02_0,477759062_01_02,SN20220925184905A,206497,13.89,38.72
477759062_01_02_1,477759062_01_02,SN20220925184905A,206497,13.89,38.72
477759062_01_02_2,477759062_01_02,SN20220925184905A,206497,13.89,38.72
477765074_01_0,477765074_01,205201,cluster_204796_205202,13.89,30.9
477765074_01_1,477765074_01,205201,cluster_204796_205202,13.89,30.9
477765074_01_2,477765074_01,205201,cluster_204796_205202,13.89,30.9
477765078_01_0,477765078_01,205832,cluster_204796_205202,13.89,40.94
477765078_01_1,477765078_01,205832,cluster_204796_205202,13.89,40.94
477765078_01_2,477765078_01,205832,cluster_204796_205202,13.89,40.94
477767118_0101_01_0,477767118_0101_01,205015,SN20220622163956A,19.44,7.69
477767118_0101_01_1,477767118_0101_01,205015,SN20220622163956A,19.44,7.69
477767118_0101_01_2,477767118_0101_01,205015,SN20220622163956A,19.44,7.69
477767118_0101_01_3,477767118_0101_01,205015,SN20220622163956A,19.44,7.69
477767118_0101_01_4,477767118_0101_01,205015,SN20220622163956A,19.44,7.69
477767118_0101_01_5,477767118_0101_01,205015,SN20220622163956A,19.44,7.69
477767118_0101_02_0,477767118_0101_02,SN20220622163956A,205015,19.44,7.69
477767118_0101_02_1,477767118_0101_02,SN20220622163956A,205015,19.44,7.69
477767118_0101_02_2,477767118_0101_02,SN20220622163956A,205015,19.44,7.69
477767118_0101_02_3,477767118_0101_02,SN20220622163956A,205015,19.44,7.69
477767118_0101_02_4,477767118_0101_02,SN20220622163956A,205015,19.44,7.69
477767118_0102_01_0,477767118_0102_01,SN20220622163956A,SN20220622162350A,19.44,61.99
477767118_0102_01_1,477767118_0102_01,SN20220622163956A,SN20220622162350A,19.44,61.99
477767118_0102_01_2,477767118_0102_01,SN20220622163956A,SN20220622162350A,19.44,61.99
477767118_0102_01_3,477767118_0102_01,SN20220622163956A,SN20220622162350A,19.44,61.99
477767118_0102_01_4,477767118_0102_01,SN20220622163956A,SN20220622162350A,19.44,61.99
477767118_0102_01_5,477767118_0102_01,SN20220622163956A,SN20220622162350A,19.44,61.99
477767118_0102_02_0,477767118_0102_02,SN20220622162350A,SN20220622163956A,19.44,62.96
477767118_0102_02_1,477767118_0102_02,SN20220622162350A,SN20220622163956A,19.44,62.96
477767118_0102_02_2,477767118_0102_02,SN20220622162350A,SN20220622163956A,19.44,62.96
477767118_0102_02_3,477767118_0102_02,SN20220622162350A,SN20220622163956A,19.44,62.96
477767118_0102_02_4,477767118_0102_02,SN20220622162350A,SN20220622163956A,19.44,62.96
477767666_01_01_0,477767666_01_01,204825,SN20220622172640A,13.89,17.37
477767666_01_01_1,477767666_01_01,204825,SN20220622172640A,13.89,17.37
477767666_01_01_2,477767666_01_01,204825,SN20220622172640A,13.89,17.37
477767666_02_01_0,477767666_02_01,SN20220622172640A,205197,13.89,78.82
477767666_02_01_1,477767666_02_01,SN20220622172640A,205197,13.89,78.82
477767666_02_01_2,477767666_02_01,SN20220622172640A,205197,13.89,78.82
477767666_02_01_3,477767666_02_01,SN20220622172640A,205197,13.89,78.82
477770958_0101_01_0,477770958_0101_01,204815,SN20220622172621A,13.89,50.34
477770958_0101_01_1,477770958_0101_01,204815,SN20220622172621A,13.89,50.34
477770958_0101_02_0,477770958_0101_02,SN20220622172621A,204815,13.89,50.77
477770958_0102_01_0,477770958_0102_01,SN20220622172621A,SN20220622172613A,13.89,0.2
477770958_0102_02_0,477770958_0102_02,SN20220622172613A,SN20220622172621A,13.89,0.2
477770958_02_01_0,477770958_02_01,204825,SN20220622172613A,13.89,12.99
477771448_01_0,477771448_01,605218,605219,13.89,41.96
477771449_01_0,477771449_01,204811,605219,16.67,38.63
477771449_01_1,477771449_01,204811,605219,16.67,38.63
477771449_02_0,477771449_02,605219,204811,16.67,38.79
477771449_02_1,477771449_02,605219,204811,16.67,38.79
477771449_02_2,477771449_02,605219,204811,16.67,38.79
477771450_01_0,477771450_01,204827,605219,16.67,27.73
477771450_01_1,477771450_01,204827,605219,16.67,27.73
477771450_01_2,477771450_01,204827,605219,16.67,27.73
477771450_02_0,477771450_02,605219,204827,16.67,27.73
477771450_02_1,477771450_02,605219,204827,16.67,27.73
477771559_01_01_0,477771559_01_01,205015,SN20220622165808A,19.44,32.63
477771559_01_01_1,477771559_01_01,205015,SN20220622165808A,19.44,32.63
477771559_01_01_2,477771559_01_01,205015,SN20220622165808A,19.44,32.63
477771559_0201_01_0,477771559_0201_01,SN20220622165808A,SN20220622165818A,19.44,22.31
477771559_0201_01_1,477771559_0201_01,SN20220622165808A,SN20220622165818A,19.44,22.31
477771559_0201_01_2,477771559_0201_01,SN20220622165808A,SN20220622165818A,19.44,22.31
477771559_0202_01_0,477771559_0202_01,SN20220622165818A,206496,19.44,54.13
477771559_0202_01_1,477771559_0202_01,SN20220622165818A,206496,19.44,54.13
477771559_0202_01_2,477771559_0202_01,SN20220622165818A,206496,19.44,54.13
477771559_0202_01_3,477771559_0202_01,SN20220622165818A,206496,19.44,54.13
477771614_01_0,477771614_01,605256,605257,13.89,9.29
477771614_02_0,477771614_02,605257,605256,13.89,9.29
477771615_01_0,477771615_01,204816,605257,11.11,48.37
477771615_02_0,477771615_02,605257,204816,11.11,48.37
477771616_01_0,477771616_01,204922,605257,11.11,0.29
477771616_02_0,477771616_02,605257,204922,11.11,0.29
CL20220622172647A_01_0,CL20220622172647A_01,SN20220622172613A,SN20220622172640A,13.89,11.65
CL20220928231319G_01_0,CL20220928231319G_01,201278,CTN20220928231319G,13.89,5.88
CL20220928231319G_02_0,CL20220928231319G_02,CTN20220928231319G,201278,13.89,5.88
E1_0,E1,205832,204797,13.89,59.14
E3_0,E3,205201,204795,13.89,13.62
E4_0,E4,J0,202478,13.89,26.79
E4_1,E4,J0,202478,13.89,26.79
E4_2,E4,J0,202478,13.89,26.79
E7_0,E7,SN20220922004828D,SN20220922004758D,13.89,93.53
E7_1,E7,SN20220922004828D,SN20220922004758D,13.89,93.53
E8_0,E8,SN20220924160119A,SN20220924160309A,13.89,63.72
E8_1,E8,SN20220924160119A,SN20220924160309A,13.89,63.72
