date,field,channel,min,max,mean,std,median,q1,q3,nonzero_count,zero_count
20220810,input_tensor,0,0.0,325.0,3.9074995517730713,10.684426307678223,0.0,0.0,3.0,132219,262341
20220810,input_tensor,1,0.0,23.0,0.18574108183383942,0.6656008958816528,0.0,0.0,0.0,44244,350316
20220810,input_tensor,2,0.0,143.0,0.6576845049858093,2.1812684535980225,0.0,0.0,0.0,84733,309827
20220810,input_tensor,3,0.0,22.0,0.13389091193675995,0.5559409856796265,0.0,0.0,0.0,32907,361653
20220810,input_tensor,4,0.0,24.699180603027344,1.9089893102645874,4.651691436767578,0.0,0.0,0.0,72700,321860
20220810,input_tensor,5,0.0,19.438030242919922,0.14379893243312836,1.337106704711914,0.0,0.0,0.0,6552,388008
20220810,input_tensor,6,0.0,22.261699676513672,0.46842890977859497,2.3925626277923584,0.0,0.0,0.0,20496,374064
20220810,input_tensor,7,0.0,21.569217681884766,0.12429937720298767,1.2781016826629639,0.0,0.0,0.0,5182,389378
20220810,normalized_tensor,0,-0.36571916937828064,30.052385330200195,-1.1601877097922042e-10,1.0,-0.36571916937828064,-0.36571916937828064,-0.08493666350841522,394560,0
20220810,normalized_tensor,1,-0.27905774116516113,34.27618408203125,1.5275805065328996e-09,1.0,-0.27905774116516113,-0.27905774116516113,-0.27905774116516113,394560,0
20220810,normalized_tensor,2,-0.30151471495628357,65.25666809082031,1.3303486312565838e-08,0.9999998807907104,-0.30151471495628357,-0.30151471495628357,-0.30151471495628357,394560,0
20220810,normalized_tensor,3,-0.24083656072616577,39.33171081542969,-1.9684518903773096e-08,0.9999999403953552,-0.24083656072616577,-0.24083656072616577,-0.24083656072616577,394560,0
20220810,normalized_tensor,4,-0.4103860557079315,4.89933443069458,9.281501678337634e-10,1.0000001192092896,-0.4103860557079315,-0.4103860557079315,-0.4103860557079315,394560,0
20220810,normalized_tensor,5,-0.10754484683275223,14.42983627319336,-4.056789748574374e-08,0.9999999403953552,-0.10754484683275223,-0.10754484683275223,-0.10754484683275223,394560,0
20220810,normalized_tensor,6,-0.19578543305397034,9.108756065368652,-6.032976340719642e-09,0.9999998807907104,-0.19578543305397034,-0.19578543305397034,-0.19578543305397034,394560,0
20220810,normalized_tensor,7,-0.09725312143564224,16.77872657775879,1.3052112279865469e-08,0.9999999403953552,-0.09725312143564224,-0.09725312143564224,-0.09725312143564224,394560,0
20220811,input_tensor,0,0.0,312.0,4.044991970062256,10.912383079528809,0.0,0.0,3.0,135658,258902
20220811,input_tensor,1,0.0,20.0,0.19658860564231873,0.6913602948188782,0.0,0.0,0.0,46180,348380
20220811,input_tensor,2,0.0,157.0,0.6321269273757935,2.079441547393799,0.0,0.0,0.0,84914,309646
20220811,input_tensor,3,0.0,22.0,0.14092913269996643,0.5705335140228271,0.0,0.0,0.0,34677,359883
20220811,input_tensor,4,0.0,25.198144912719727,2.0171959400177,4.764132499694824,0.0,0.0,0.0,76532,318028
20220811,input_tensor,5,0.0,19.439512252807617,0.15460920333862305,1.3975393772125244,0.0,0.0,0.0,6938,387622
20220811,input_tensor,6,0.0,22.453086853027344,0.4657413065433502,2.3903298377990723,0.0,0.0,0.0,20239,374321
20220811,input_tensor,7,0.0,22.607206344604492,0.13783429563045502,1.3480567932128906,0.0,0.0,0.0,5731,388829
20220811,normalized_tensor,0,-0.3706790804862976,28.220693588256836,-2.3938540039125655e-08,0.9999998807907104,-0.3706790804862976,-0.3706790804862976,-0.09576202929019928,394560,0
20220811,normalized_tensor,1,-0.2843504548072815,28.644126892089844,1.9839209386418588e-08,1.0,-0.2843504548072815,-0.2843504548072815,-0.2843504548072815,394560,0
20220811,normalized_tensor,2,-0.3039887845516205,75.19705200195312,1.775087277167131e-08,1.0,-0.3039887845516205,-0.3039887845516205,-0.3039887845516205,394560,0
20220811,normalized_tensor,3,-0.2470128983259201,38.31338882446289,1.320680365068938e-08,1.0,-0.2470128983259201,-0.2470128983259201,-0.2470128983259201,394560,0
20220811,normalized_tensor,4,-0.42341306805610657,4.86572265625,-2.3203754195844084e-10,0.9999998807907104,-0.42341306805610657,-0.42341306805610657,-0.42341306805610657,394560,0
20220811,normalized_tensor,5,-0.11062958836555481,13.79918384552002,-1.5836562283766398e-08,1.0000001192092896,-0.11062958836555481,-0.11062958836555481,-0.11062958836555481,394560,0
20220811,normalized_tensor,6,-0.19484394788742065,9.198456764221191,2.5524129476650614e-09,1.0,-0.19484394788742065,-0.19484394788742065,-0.19484394788742065,394560,0
20220811,normalized_tensor,7,-0.10224665701389313,16.667970657348633,8.430697917560792e-09,0.9999998807907104,-0.10224665701389313,-0.10224665701389313,-0.10224665701389313,394560,0
20220812,input_tensor,0,0.0,328.0,4.211812973022461,11.077138900756836,0.0,0.0,3.0,138963,255597
20220812,input_tensor,1,0.0,18.0,0.18705140054225922,0.664305567741394,0.0,0.0,0.0,44696,349864
20220812,input_tensor,2,0.0,176.0,0.7290678024291992,2.382742166519165,0.0,0.0,0.0,89437,305123
20220812,input_tensor,3,0.0,27.0,0.14776712656021118,0.5806370973587036,0.0,0.0,0.0,36681,357879
20220812,input_tensor,4,0.0,25.549598693847656,2.0418572425842285,4.787298202514648,0.0,0.0,0.0,77973,316587
20220812,input_tensor,5,0.0,19.437204360961914,0.14222800731658936,1.331864356994629,0.0,0.0,0.0,6627,387933
20220812,input_tensor,6,0.0,22.052352905273438,0.4569524824619293,2.3592917919158936,0.0,0.0,0.0,20705,373855
20220812,input_tensor,7,0.0,22.500450134277344,0.14629589021205902,1.384357213973999,0.0,0.0,0.0,6131,388429
20220812,normalized_tensor,0,-0.3802257180213928,29.230308532714844,1.5817226639569526e-08,1.0,-0.3802257180213928,-0.3802257180213928,-0.10939764976501465,394560,0
20220812,normalized_tensor,1,-0.2815743386745453,26.814390182495117,8.024631625858092e-09,0.9999998211860657,-0.2815743386745453,-0.2815743386745453,-0.2815743386745453,394560,0
20220812,normalized_tensor,2,-0.3059784770011902,73.5584945678711,-2.5640149559080783e-08,1.0,-0.3059784770011902,-0.3059784770011902,-0.3059784770011902,394560,0
20220812,normalized_tensor,3,-0.2544913589954376,46.24615478515625,1.8060255513319134e-08,0.9999999403953552,-0.2544913589954376,-0.2544913589954376,-0.2544913589954376,394560,0
20220812,normalized_tensor,4,-0.4265155792236328,4.910440444946289,-6.265013752226878e-08,1.0,-0.4265155792236328,-0.4265155792236328,-0.4265155792236328,394560,0
20220812,normalized_tensor,5,-0.10678865760564804,14.487194061279297,2.0187266969173834e-08,0.9999999403953552,-0.10678865760564804,-0.10678865760564804,-0.10678865760564804,394560,0
20220812,normalized_tensor,6,-0.19368205964565277,9.153340339660645,2.3977213103876238e-08,0.9999999403953552,-0.19368205964565277,-0.19368205964565277,-0.19368205964565277,394560,0
20220812,normalized_tensor,7,-0.10567785054445267,16.14767837524414,1.2065952681439285e-08,1.0000001192092896,-0.10567785054445267,-0.10567785054445267,-0.10567785054445267,394560,0
20220813,input_tensor,0,0.0,330.0,4.007540225982666,10.976402282714844,0.0,0.0,3.0,135919,258641
20220813,input_tensor,1,0.0,18.0,0.1614912748336792,0.6052372455596924,0.0,0.0,0.0,39921,354639
20220813,input_tensor,2,0.0,119.0,0.478173166513443,1.682139277458191,0.0,0.0,0.0,73477,321083
20220813,input_tensor,3,0.0,21.0,0.1387469619512558,0.5611628293991089,0.0,0.0,0.0,34763,359797
20220813,input_tensor,4,0.0,25.604516983032227,2.1375937461853027,4.8872880935668945,0.0,0.0,0.0,79658,314902
20220813,input_tensor,5,0.0,19.43963050842285,0.13620305061340332,1.3042610883712769,0.0,0.0,0.0,6134,388426
20220813,input_tensor,6,0.0,21.36138343811035,0.3924429714679718,2.197451114654541,0.0,0.0,0.0,16903,377657
20220813,input_tensor,7,0.0,22.545989990234375,0.15727128088474274,1.4315916299819946,0.0,0.0,0.0,6348,388212
20220813,normalized_tensor,0,-0.3651050925254822,29.699390411376953,-3.803481973818634e-08,1.0,-0.3651050925254822,-0.3651050925254822,-0.09179148077964783,394560,0
20220813,normalized_tensor,1,-0.26682308316230774,29.473581314086914,2.4305933266077773e-08,1.0,-0.26682308316230774,-0.26682308316230774,-0.26682308316230774,394560,0
20220813,normalized_tensor,2,-0.2842649221420288,70.458984375,-3.9136999419042695e-08,1.0,-0.2842649221420288,-0.2842649221420288,-0.2842649221420288,394560,0
20220813,normalized_tensor,3,-0.24724902212619781,37.175045013427734,-3.733387288207268e-08,1.0,-0.24724902212619781,-0.24724902212619781,-0.24724902212619781,394560,0
20220813,normalized_tensor,4,-0.43737828731536865,4.801624774932861,-5.878284525806521e-08,0.9999998807907104,-0.43737828731536865,-0.43737828731536865,-0.43737828731536865,394560,0
20220813,normalized_tensor,5,-0.10442928224802017,14.800277709960938,4.814779241968381e-09,0.9999998807907104,-0.10442928224802017,-0.10442928224802017,-0.10442928224802017,394560,0
20220813,normalized_tensor,6,-0.1785900741815567,9.54239273071289,-7.316917560729053e-08,0.9999998807907104,-0.1785900741815567,-0.1785900741815567,-0.1785900741815567,394560,0
20220813,normalized_tensor,7,-0.10985764116048813,15.63904094696045,7.038472027431908e-09,1.0,-0.10985764116048813,-0.10985764116048813,-0.10985764116048813,394560,0
20220814,input_tensor,0,0.0,358.0,3.3947739601135254,9.957908630371094,0.0,0.0,2.0,126921,267639
20220814,input_tensor,1,0.0,19.0,0.15677717328071594,0.6090651154518127,0.0,0.0,0.0,38136,356424
20220814,input_tensor,2,0.0,103.0,0.31298914551734924,1.3439897298812866,0.0,0.0,0.0,54904,339656
20220814,input_tensor,3,0.0,19.0,0.1531756967306137,0.6204916834831238,0.0,0.0,0.0,36084,358476
20220814,input_tensor,4,0.0,25.24817657470703,2.0928213596343994,4.8569207191467285,0.0,0.0,0.0,76010,318550
20220814,input_tensor,5,0.0,19.437219619750977,0.16236959397792816,1.437234878540039,0.0,0.0,0.0,6726,387834
20220814,input_tensor,6,0.0,21.6475772857666,0.32858628034591675,2.0238730907440186,0.0,0.0,0.0,13452,381108
20220814,input_tensor,7,0.0,22.176481246948242,0.18964852392673492,1.5714855194091797,0.0,0.0,0.0,7393,387167
20220814,normalized_tensor,0,-0.3409123420715332,35.61041259765625,4.4473864591054735e-09,1.0,-0.3409123420715332,-0.3409123420715332,-0.1400669515132904,394560,0
20220814,normalized_tensor,1,-0.2574062645435333,30.937946319580078,3.557909078466537e-09,1.0,-0.2574062645435333,-0.2574062645435333,-0.2574062645435333,394560,0
20220814,normalized_tensor,2,-0.2328806072473526,76.40460968017578,8.043968158233383e-09,0.9999999403953552,-0.2328806072473526,-0.2328806072473526,-0.2328806072473526,394560,0
20220814,normalized_tensor,3,-0.2468618005514145,30.37401580810547,1.7306133415218028e-08,1.0,-0.2468618005514145,-0.2468618005514145,-0.2468618005514145,394560,0
20220814,normalized_tensor,4,-0.4308947026729584,4.7674970626831055,-4.099330208617857e-09,0.9999999403953552,-0.4308947026729584,-0.4308947026729584,-0.4308947026729584,394560,0
20220814,normalized_tensor,5,-0.11297360062599182,13.411065101623535,1.7402815188916065e-08,1.0,-0.11297360062599182,-0.11297360062599182,-0.11297360062599182,394560,0
20220814,normalized_tensor,6,-0.1623551845550537,10.533759117126465,-4.068391490363865e-08,0.9999999403953552,-0.1623551845550537,-0.1623551845550537,-0.1623551845550537,394560,0
20220814,normalized_tensor,7,-0.1206810474395752,13.991114616394043,1.7364143900522322e-08,1.0,-0.1206810474395752,-0.1206810474395752,-0.1206810474395752,394560,0
20220815,input_tensor,0,0.0,128.0,1.2812930345535278,4.0081634521484375,0.0,0.0,0.0,97868,296692
20220815,input_tensor,1,0.0,8.0,0.05269414186477661,0.2784748673439026,0.0,0.0,0.0,16813,377747
20220815,input_tensor,2,0.0,36.0,0.1325071007013321,0.5893164873123169,0.0,0.0,0.0,33070,361490
20220815,input_tensor,3,0.0,9.0,0.055991485714912415,0.30775919556617737,0.0,0.0,0.0,16677,377883
20220815,input_tensor,4,0.0,24.494972229003906,1.2523432970046997,3.9042489528656006,0.0,0.0,0.0,44210,350350
20220815,input_tensor,5,0.0,19.434755325317383,0.07715798914432526,0.9925279021263123,0.0,0.0,0.0,3018,391542
20220815,input_tensor,6,0.0,21.72804069519043,0.17814022302627563,1.5035452842712402,0.0,0.0,0.0,7089,387471
20220815,input_tensor,7,0.0,20.964998245239258,0.10027822852134705,1.150671362876892,0.0,0.0,0.0,3629,390931
20220815,normalized_tensor,0,-0.3196708559989929,31.615154266357422,-3.093833855771777e-09,0.9999999403953552,-0.3196708559989929,-0.3196708559989929,-0.3196708559989929,394560,0
20220815,normalized_tensor,1,-0.18922404944896698,28.538681030273438,6.110322026131598e-09,1.0,-0.18922404944896698,-0.18922404944896698,-0.18922404944896698,394560,0
20220815,normalized_tensor,2,-0.22484879195690155,60.86286926269531,1.1485858486537381e-08,0.9999998211860657,-0.22484879195690155,-0.22484879195690155,-0.22484879195690155,394560,0
20220815,normalized_tensor,3,-0.18193277716636658,29.061710357666016,1.6523006962643194e-08,1.0,-0.18193277716636658,-0.18193277716636658,-0.18193277716636658,394560,0
20220815,normalized_tensor,4,-0.3207642138004303,5.95316219329834,-4.3971116525654e-08,1.0,-0.3207642138004303,-0.3207642138004303,-0.3207642138004303,394560,0
20220815,normalized_tensor,5,-0.07773885875940323,19.503328323364258,-6.961126342019952e-09,1.0,-0.07773885875940323,-0.07773885875940323,-0.07773885875940323,394560,0
20220815,normalized_tensor,6,-0.11848011612892151,14.332724571228027,1.558518825106603e-08,1.0,-0.11848011612892151,-0.11848011612892151,-0.11848011612892151,394560,0
20220815,normalized_tensor,7,-0.08714758604764938,18.132648468017578,5.80093861834996e-10,0.9999998807907104,-0.08714758604764938,-0.08714758604764938,-0.08714758604764938,394560,0
20220819,input_tensor,0,0.0,334.0,4.000851631164551,10.674254417419434,0.0,0.0,3.0,136889,257671
20220819,input_tensor,1,0.0,19.0,0.1922166496515274,0.6832619309425354,0.0,0.0,0.0,45281,349279
20220819,input_tensor,2,0.0,172.0,0.6700400710105896,2.2484753131866455,0.0,0.0,0.0,86628,307932
20220819,input_tensor,3,0.0,24.0,0.13672952353954315,0.5479485988616943,0.0,0.0,0.0,34813,359747
20220819,input_tensor,4,0.0,24.806730270385742,1.9960215091705322,4.743251323699951,0.0,0.0,0.0,75876,318684
20220819,input_tensor,5,0.0,19.438745498657227,0.1493036299943924,1.3639652729034424,0.0,0.0,0.0,6807,387753
20220819,input_tensor,6,0.0,21.69903564453125,0.4453398585319519,2.3427257537841797,0.0,0.0,0.0,19828,374732
20220819,input_tensor,7,0.0,21.946964263916016,0.13735228776931763,1.341792106628418,0.0,0.0,0.0,5732,388828
20220819,normalized_tensor,0,-0.3748132288455963,30.915428161621094,-7.038472027431908e-09,1.0,-0.3748132288455963,-0.3748132288455963,-0.09376314282417297,394560,0
20220819,normalized_tensor,1,-0.28132206201553345,27.526460647583008,-5.375536460405783e-09,1.0,-0.28132206201553345,-0.28132206201553345,-0.28132206201553345,394560,0
20220819,normalized_tensor,2,-0.29799753427505493,76.19828033447266,-6.845107591857413e-09,0.9999999403953552,-0.29799753427505493,-0.29799753427505493,-0.29799753427505493,394560,0
20220819,normalized_tensor,3,-0.24952983856201172,43.55019760131836,-1.6822722770371e-08,1.0,-0.24952983856201172,-0.24952983856201172,-0.24952983856201172,394560,0
20220819,normalized_tensor,4,-0.4208129346370697,4.80908727645874,-3.828619643542197e-09,1.0,-0.4208129346370697,-0.4208129346370697,-0.4208129346370697,394560,0
20220819,normalized_tensor,5,-0.1094629243016243,14.142179489135742,-2.401588616862682e-08,1.0000001192092896,-0.1094629243016243,-0.1094629243016243,-0.1094629243016243,394560,0
20220819,normalized_tensor,6,-0.1900947391986847,9.072208404541016,2.5137401049590835e-09,0.9999998807907104,-0.1900947391986847,-0.1900947391986847,-0.1900947391986847,394560,0
20220819,normalized_tensor,7,-0.10236480832099915,16.254091262817383,4.7026276206452167e-08,1.0,-0.10236480832099915,-0.10236480832099915,-0.10236480832099915,394560,0
20220820,input_tensor,0,0.0,336.0,3.9570839405059814,10.876480102539062,0.0,0.0,3.0,135162,259398
20220820,input_tensor,1,0.0,19.0,0.15637418627738953,0.5866971015930176,0.0,0.0,0.0,39101,355459
20220820,input_tensor,2,0.0,149.0,0.5083155632019043,1.7961069345474243,0.0,0.0,0.0,76290,318270
20220820,input_tensor,3,0.0,24.0,0.1556873470544815,0.612472653388977,0.0,0.0,0.0,37527,357033
20220820,input_tensor,4,0.0,23.774446487426758,2.0549256801605225,4.802114963531494,0.0,0.0,0.0,77388,317172
20220820,input_tensor,5,0.0,19.435474395751953,0.13161107897758484,1.2851459980010986,0.0,0.0,0.0,5852,388708
20220820,input_tensor,6,0.0,21.619869232177734,0.395281046628952,2.2025978565216064,0.0,0.0,0.0,17207,377353
20220820,input_tensor,7,0.0,22.08864974975586,0.16211077570915222,1.4523581266403198,0.0,0.0,0.0,6679,387881
20220820,normalized_tensor,0,-0.36382028460502625,30.528526306152344,-2.1270109229476475e-08,1.0,-0.36382028460502625,-0.36382028460502625,-0.087995745241642,394560,0
20220820,normalized_tensor,1,-0.2665330767631531,32.1181526184082,-5.3368633956552e-09,0.9999998807907104,-0.2665330767631531,-0.2665330767631531,-0.2665330767631531,394560,0
20220820,normalized_tensor,2,-0.2830096185207367,82.67418670654297,4.416448007305007e-08,1.0000001192092896,-0.2830096185207367,-0.2830096185207367,-0.2830096185207367,394560,0
20220820,normalized_tensor,3,-0.2541947662830353,38.93122863769531,1.655201131711692e-08,1.0,-0.2541947662830353,-0.2541947662830353,-0.2541947662830353,394560,0
20220820,normalized_tensor,4,-0.42792096734046936,4.522907257080078,-9.0920046602605e-08,1.0,-0.42792096734046936,-0.42792096734046936,-0.42792096734046936,394560,0
20220820,normalized_tensor,5,-0.10240943729877472,15.02075481414795,-3.2871985133908765e-09,1.0,-0.10240943729877472,-0.10240943729877472,-0.10240943729877472,394560,0
20220820,normalized_tensor,6,-0.1794612854719162,9.636161804199219,-8.198660417235715e-09,1.0,-0.1794612854719162,-0.1794612854719162,-0.1794612854719162,394560,0
20220820,normalized_tensor,7,-0.1116190105676651,15.097198486328125,-1.2916756553238429e-08,1.0,-0.1116190105676651,-0.1116190105676651,-0.1116190105676651,394560,0
20220821,input_tensor,0,0.0,352.0,3.4631056785583496,9.998198509216309,0.0,0.0,2.0,128558,266002
20220821,input_tensor,1,0.0,25.0,0.1556544005870819,0.6073886752128601,0.0,0.0,0.0,37932,356628
20220821,input_tensor,2,0.0,140.0,0.3296329975128174,1.3654751777648926,0.0,0.0,0.0,57648,336912
20220821,input_tensor,3,0.0,18.0,0.15717001259326935,0.6265824437141418,0.0,0.0,0.0,37224,357336
20220821,input_tensor,4,0.0,25.246238708496094,2.1227073669433594,4.883700370788574,0.0,0.0,0.0,77299,317261
20220821,input_tensor,5,0.0,19.438335418701172,0.15842147171497345,1.4122601747512817,0.0,0.0,0.0,6643,387917
20220821,input_tensor,6,0.0,22.82897186279297,0.33156082034111023,2.0379247665405273,0.0,0.0,0.0,13524,381036
20220821,input_tensor,7,0.0,24.03527069091797,0.19781394302845,1.5993574857711792,0.0,0.0,0.0,7743,386817
20220821,normalized_tensor,0,-0.34637296199798584,34.85997009277344,-1.3535523812890915e-08,1.0000001192092896,-0.34637296199798584,-0.34637296199798584,-0.14633692800998688,394560,0
20220821,normalized_tensor,1,-0.2562682032585144,40.90353775024414,-3.360677069963458e-08,1.0000001192092896,-0.2562682032585144,-0.2562682032585144,-0.2562682032585144,394560,0
20220821,normalized_tensor,2,-0.24140533804893494,102.28700256347656,-2.784450447990139e-09,1.0,-0.24140533804893494,-0.24140533804893494,-0.24140533804893494,394560,0
20220821,normalized_tensor,3,-0.25083690881729126,28.476428985595703,1.1427848889411507e-08,0.9999998807907104,-0.25083690881729126,-0.25083690881729126,-0.25083690881729126,394560,0
20220821,normalized_tensor,4,-0.4346514344215393,4.734838485717773,4.6948930076951e-08,1.0,-0.4346514344215393,-0.4346514344215393,-0.4346514344215393,394560,0
20220821,normalized_tensor,5,-0.1121758371591568,13.651815414428711,1.8176274929615488e-09,0.9999999403953552,-0.1121758371591568,-0.1121758371591568,-0.1121758371591568,394560,0
20220821,normalized_tensor,6,-0.16269531846046448,11.039373397827148,1.3612869054213661e-08,1.0,-0.16269531846046448,-0.16269531846046448,-0.16269531846046448,394560,0
20220821,normalized_tensor,7,-0.1236833855509758,14.904396057128906,1.8563003578719872e-08,0.9999999403953552,-0.1236833855509758,-0.1236833855509758,-0.1236833855509758,394560,0
20220822,input_tensor,0,0.0,327.0,4.021801471710205,10.850484848022461,0.0,0.0,3.0,135150,259410
20220822,input_tensor,1,0.0,19.0,0.19542275369167328,0.6895585656166077,0.0,0.0,0.0,45826,348734
20220822,input_tensor,2,0.0,168.0,0.6517361402511597,2.1940412521362305,0.0,0.0,0.0,83956,310604
20220822,input_tensor,3,0.0,19.0,0.15040044486522675,0.5903148055076599,0.0,0.0,0.0,36853,357707
20220822,input_tensor,4,0.0,25.227088928222656,1.988138198852539,4.739886283874512,0.0,0.0,0.0,75439,319121
20220822,input_tensor,5,0.0,19.438426971435547,0.15085774660110474,1.3727421760559082,0.0,0.0,0.0,6871,387689
20220822,input_tensor,6,0.0,21.943069458007812,0.439705491065979,2.319810152053833,0.0,0.0,0.0,19519,375041
20220822,input_tensor,7,0.0,22.24029541015625,0.15751305222511292,1.4347695112228394,0.0,0.0,0.0,6440,388120
20220822,normalized_tensor,0,-0.3706563711166382,29.766246795654297,-5.839611461055938e-09,1.0,-0.3706563711166382,-0.3706563711166382,-0.09417103976011276,394560,0
20220822,normalized_tensor,1,-0.283402681350708,27.270456314086914,1.7924900674870514e-08,1.0,-0.283402681350708,-0.283402681350708,-0.283402681350708,394560,0
20220822,normalized_tensor,2,-0.29704827070236206,76.27398681640625,-3.6855297480542504e-08,1.0,-0.29704827070236206,-0.29704827070236206,-0.29704827070236206,394560,0
20220822,normalized_tensor,3,-0.2547800540924072,31.93143653869629,4.0606572326851165e-08,1.0,-0.2547800540924072,-0.2547800540924072,-0.2547800540924072,394560,0
20220822,normalized_tensor,4,-0.41944849491119385,4.9028496742248535,2.0187266969173834e-08,1.0,-0.41944849491119385,-0.41944849491119385,-0.41944849491119385,394560,0
20220822,normalized_tensor,5,-0.10989517718553543,14.050394058227539,-1.9839209386418588e-08,0.9999999403953552,-0.10989517718553543,-0.10989517718553543,-0.10989517718553543,394560,0
20220822,normalized_tensor,6,-0.1895437389612198,9.269450187683105,2.908203988738478e-08,1.0,-0.1895437389612198,-0.1895437389612198,-0.1895437389612198,394560,0
20220822,normalized_tensor,7,-0.10978282988071442,15.391170501708984,-2.4363941975025227e-08,1.0000001192092896,-0.10978282988071442,-0.10978282988071442,-0.10978282988071442,394560,0
20220823,input_tensor,0,0.0,340.0,3.9660279750823975,10.61159610748291,0.0,0.0,3.0,135436,259124
20220823,input_tensor,1,0.0,21.0,0.1886962652206421,0.6781873106956482,0.0,0.0,0.0,44609,349951
20220823,input_tensor,2,0.0,174.0,0.7206913828849792,2.3834869861602783,0.0,0.0,0.0,88314,306246
20220823,input_tensor,3,0.0,21.0,0.13150344789028168,0.5359179377555847,0.0,0.0,0.0,33595,360965
20220823,input_tensor,4,0.0,24.552682876586914,1.9637759923934937,4.715311527252197,0.0,0.0,0.0,74727,319833
20220823,input_tensor,5,0.0,19.437532424926758,0.1464890092611313,1.3559707403182983,0.0,0.0,0.0,6719,387841
20220823,input_tensor,6,0.0,22.518211364746094,0.4754451513290405,2.4070324897766113,0.0,0.0,0.0,21232,373328
20220823,input_tensor,7,0.0,21.979963302612305,0.13442568480968475,1.3287019729614258,0.0,0.0,0.0,5575,388985
20220823,normalized_tensor,0,-0.3737447261810303,31.666675567626953,-1.4889075750090797e-08,1.0,-0.3737447261810303,-0.3737447261810303,-0.09103512763977051,394560,0
20220823,normalized_tensor,1,-0.2782362103462219,30.686660766601562,6.323022994081384e-09,1.0000001192092896,-0.2782362103462219,-0.2782362103462219,-0.2782362103462219,394560,0
20220823,normalized_tensor,2,-0.30236849188804626,72.69992065429688,2.761246875593315e-08,0.9999998807907104,-0.30236849188804626,-0.30236849188804626,-0.30236849188804626,394560,0
20220823,normalized_tensor,3,-0.24537982046604156,38.93972396850586,-1.253002768208944e-08,1.0,-0.24537982046604156,-0.24537982046604156,-0.24537982046604156,394560,0
20220823,normalized_tensor,4,-0.41646793484687805,4.790544033050537,-9.730107564109858e-08,0.9999999403953552,-0.41646793484687805,-0.41646793484687805,-0.41646793484687805,394560,0
20220823,normalized_tensor,5,-0.10803257673978806,14.226740837097168,2.9391422629032604e-09,1.0000001192092896,-0.10803257673978806,-0.10803257673978806,-0.10803257673978806,394560,0
20220823,normalized_tensor,6,-0.1975233554840088,9.157651901245117,-9.59088541918618e-09,1.0,-0.1975233554840088,-0.1975233554840088,-0.1975233554840088,394560,0
20220823,normalized_tensor,7,-0.10117068141698837,16.441261291503906,1.9955228580670337e-08,1.0000001192092896,-0.10117068141698837,-0.10117068141698837,-0.10117068141698837,394560,0
20220906,input_tensor,0,0.0,328.0,4.054724216461182,10.886954307556152,0.0,0.0,3.0,133830,260730
20220906,input_tensor,1,0.0,28.0,0.18222323060035706,0.662763237953186,0.0,0.0,0.0,43486,351074
20220906,input_tensor,2,0.0,186.0,0.7644439339637756,2.5513036251068115,0.0,0.0,0.0,89646,304914
20220906,input_tensor,3,0.0,21.0,0.12242244184017181,0.5223017930984497,0.0,0.0,0.0,31051,363509
20220906,input_tensor,4,0.0,24.98497772216797,1.9067919254302979,4.656426906585693,0.0,0.0,0.0,72637,321923
20220906,input_tensor,5,0.0,19.432689666748047,0.14480319619178772,1.3516961336135864,0.0,0.0,0.0,6478,388082
20220906,input_tensor,6,0.0,21.79386329650879,0.5056903958320618,2.4824817180633545,0.0,0.0,0.0,22321,372239
20220906,input_tensor,7,0.0,22.33570098876953,0.1063607707619667,1.185484528541565,0.0,0.0,0.0,4513,390047
20220906,normalized_tensor,0,-0.37243878841400146,29.75536346435547,-6.477714808994506e-09,0.9999999403953552,-0.37243878841400146,-0.37243878841400146,-0.09687963873147964,394560,0
20220906,normalized_tensor,1,-0.2749446928501129,41.97241973876953,-5.4722186781930304e-09,1.0,-0.2749446928501129,-0.2749446928501129,-0.2749446928501129,394560,0
20220906,normalized_tensor,2,-0.29962876439094543,72.60427856445312,8.8657676755588e-09,0.9999998807907104,-0.29962876439094543,-0.29962876439094543,-0.29962876439094543,394560,0
20220906,normalized_tensor,3,-0.2343902438879013,39.97224807739258,1.2646045988162768e-08,1.0,-0.2343902438879013,-0.2343902438879013,-0.2343902438879013,394560,0
20220906,normalized_tensor,4,-0.40949681401252747,4.95620059967041,2.1579491971124298e-08,1.0,-0.40949681401252747,-0.40949681401252747,-0.40949681401252747,394560,0
20220906,normalized_tensor,5,-0.10712703317403793,14.269394874572754,-2.092205164672123e-08,0.9999998807907104,-0.10712703317403793,-0.10712703317403793,-0.10712703317403793,394560,0
20220906,normalized_tensor,6,-0.20370356738567352,8.575359344482422,-3.689396876893625e-08,0.9999997615814209,-0.20370356738567352,-0.20370356738567352,-0.20370356738567352,394560,0
20220906,normalized_tensor,7,-0.0897192433476448,18.75126838684082,-2.320375447339984e-09,1.0000001192092896,-0.0897192433476448,-0.0897192433476448,-0.0897192433476448,394560,0
20220907,input_tensor,0,0.0,328.0,4.20853853225708,10.898364067077637,0.0,0.0,4.0,139754,254806
20220907,input_tensor,1,0.0,18.0,0.18003599345684052,0.6497436761856079,0.0,0.0,0.0,43477,351083
20220907,input_tensor,2,0.0,186.0,0.8597348928451538,2.8104352951049805,0.0,0.0,0.0,94073,300487
20220907,input_tensor,3,0.0,16.0,0.130950927734375,0.529004693031311,0.0,0.0,0.0,33798,360762
20220907,input_tensor,4,0.0,25.19607162475586,2.019437789916992,4.766376972198486,0.0,0.0,0.0,77191,317369
20220907,input_tensor,5,0.0,19.440000534057617,0.1337268203496933,1.2973744869232178,0.0,0.0,0.0,6137,388423
20220907,input_tensor,6,0.0,21.716716766357422,0.5065125226974487,2.4759461879730225,0.0,0.0,0.0,22848,371712
20220907,input_tensor,7,0.0,21.51557731628418,0.13413460552692413,1.3305035829544067,0.0,0.0,0.0,5534,389026
20220907,normalized_tensor,0,-0.3861624002456665,29.710098266601562,3.6468566833036675e-08,0.9999999403953552,-0.3861624002456665,-0.3861624002456665,-0.019134847447276115,394560,0
20220907,normalized_tensor,1,-0.2770877182483673,27.426143646240234,-3.6739278286290755e-10,1.0,-0.2770877182483673,-0.2770877182483673,-0.2770877182483673,394560,0
20220907,normalized_tensor,2,-0.30590808391571045,65.87600708007812,-2.5678822623831365e-08,0.9999999403953552,-0.30590808391571045,-0.30590808391571045,-0.30590808391571045,394560,0
20220907,normalized_tensor,3,-0.2475420981645584,29.997936248779297,-8.101977755359258e-09,1.0,-0.2475420981645584,-0.2475420981645584,-0.2475420981645584,394560,0
20220907,normalized_tensor,4,-0.4236840307712555,4.8625264167785645,-5.050683782314991e-08,0.9999999403953552,-0.4236840307712555,-0.4236840307712555,-0.4236840307712555,394560,0
20220907,normalized_tensor,5,-0.10307496041059494,14.881034851074219,2.6684316978276e-09,0.9999999403953552,-0.10307496041059494,-0.10307496041059494,-0.10307496041059494,394560,0
20220907,normalized_tensor,6,-0.20457331836223602,8.56650447845459,1.3922252239950694e-09,1.0,-0.20457331836223602,-0.20457331836223602,-0.20457331836223602,394560,0
20220907,normalized_tensor,7,-0.10081491619348526,16.070188522338867,-1.7712199706920728e-08,0.9999998807907104,-0.10081491619348526,-0.10081491619348526,-0.10081491619348526,394560,0
20220909,input_tensor,0,0.0,323.0,3.6154375076293945,10.188051223754883,0.0,0.0,3.0,131582,262978
20220909,input_tensor,1,0.0,22.0,0.14171989262104034,0.5677007436752319,0.0,0.0,0.0,35360,359200
20220909,input_tensor,2,0.0,136.0,0.4202149212360382,1.6006799936294556,0.0,0.0,0.0,66543,328017
20220909,input_tensor,3,0.0,17.0,0.12827453017234802,0.5390559434890747,0.0,0.0,0.0,32367,362193
20220909,input_tensor,4,0.0,25.262008666992188,2.1386075019836426,4.899776935577393,0.0,0.0,0.0,78129,316431
20220909,input_tensor,5,0.0,19.43922996520996,0.14011795818805695,1.3308733701705933,0.0,0.0,0.0,5952,388608
20220909,input_tensor,6,0.0,22.239391326904297,0.37893912196159363,2.163130044937134,0.0,0.0,0.0,15941,378619
20220909,input_tensor,7,0.0,22.217451095581055,0.16154636442661285,1.45396888256073,0.0,0.0,0.0,6346,388214
20220909,normalized_tensor,0,-0.35487037897109985,31.348934173583984,-4.950134524506211e-09,0.9999999403953552,-0.35487037897109985,-0.35487037897109985,-0.06040777638554573,394560,0
20220909,normalized_tensor,1,-0.2496383786201477,38.503173828125,1.974252761272055e-08,1.0000001192092896,-0.2496383786201477,-0.2496383786201477,-0.2496383786201477,394560,0
20220909,normalized_tensor,2,-0.26252275705337524,84.70137023925781,1.4560356476067682e-08,1.0,-0.26252275705337524,-0.26252275705337524,-0.26252275705337524,394560,0
20220909,normalized_tensor,3,-0.23796144127845764,31.29865264892578,-5.805772751443783e-09,1.0,-0.23796144127845764,-0.23796144127845764,-0.23796144127845764,394560,0
20220909,normalized_tensor,4,-0.4364703893661499,4.719276428222656,-6.330757429395817e-08,1.0000001192092896,-0.4364703893661499,-0.4364703893661499,-0.4364703893661499,394560,0
20220909,normalized_tensor,5,-0.10528270900249481,14.50108814239502,1.4308982443367313e-08,1.0,-0.10528270900249481,-0.10528270900249481,-0.10528270900249481,394560,0
20220909,normalized_tensor,6,-0.17518092691898346,10.105935096740723,5.414209525156366e-09,1.0,-0.17518092691898346,-0.17518092691898346,-0.17518092691898346,394560,0
20220909,normalized_tensor,7,-0.11110717058181763,15.16944694519043,4.196012426405105e-09,1.0,-0.11110717058181763,-0.11110717058181763,-0.11110717058181763,394560,0
20220910,input_tensor,0,0.0,348.0,3.239631414413452,9.779219627380371,0.0,0.0,2.0,124050,270510
20220910,input_tensor,1,0.0,22.0,0.14283505082130432,0.5777698755264282,0.0,0.0,0.0,35166,359394
20220910,input_tensor,2,0.0,130.0,0.24817264080047607,1.252145528793335,0.0,0.0,0.0,44235,350325
20220910,input_tensor,3,0.0,18.0,0.11928984522819519,0.5201787352561951,0.0,0.0,0.0,30140,364420
20220910,input_tensor,4,0.0,25.13810920715332,2.0840506553649902,4.857625961303711,0.0,0.0,0.0,74958,319602
20220910,input_tensor,5,0.0,19.438478469848633,0.1605449914932251,1.426179051399231,0.0,0.0,0.0,6542,388018
20220910,input_tensor,6,0.0,22.61650276184082,0.2520968019962311,1.7832977771759033,0.0,0.0,0.0,10371,384189
20220910,input_tensor,7,0.0,21.860462188720703,0.17263269424438477,1.5024569034576416,0.0,0.0,0.0,6589,387971
20220910,normalized_tensor,0,-0.33127710223197937,35.25438690185547,-2.281702604634006e-09,1.0,-0.33127710223197937,-0.33127710223197937,-0.126761794090271,394560,0
20220910,normalized_tensor,1,-0.24721789360046387,37.830223083496094,8.52737969125883e-09,1.0,-0.24721789360046387,-0.24721789360046387,-0.24721789360046387,394560,0
20220910,normalized_tensor,2,-0.19819791615009308,103.62360382080078,-8.043968158233383e-09,1.0,-0.19819791615009308,-0.19819791615009308,-0.19819791615009308,394560,0
20220910,normalized_tensor,3,-0.22932472825050354,34.374168395996094,-2.7689813109077477e-08,1.0,-0.22932472825050354,-0.22932472825050354,-0.22932472825050354,394560,0
20220910,normalized_tensor,4,-0.4290265738964081,4.7459516525268555,1.7286797771021156e-08,1.0,-0.4290265738964081,-0.4290265738964081,-0.4290265738964081,394560,0
20220910,normalized_tensor,5,-0.11257001012563705,13.517189979553223,-1.2104625746189868e-08,1.0,-0.11257001012563705,-0.11257001012563705,-0.11257001012563705,394560,0
20220910,normalized_tensor,6,-0.14136551320552826,12.541038513183594,1.5005094056164126e-08,1.0,-0.14136551320552826,-0.14136551320552826,-0.14136551320552826,394560,0
20220910,normalized_tensor,7,-0.11490026116371155,14.43490982055664,1.4618365185015136e-08,0.9999998807907104,-0.11490026116371155,-0.11490026116371155,-0.11490026116371155,394560,0
20220911,input_tensor,0,0.0,347.0,3.32197642326355,9.931365966796875,0.0,0.0,2.0,124135,270425
20220911,input_tensor,1,0.0,20.0,0.14321522414684296,0.578311562538147,0.0,0.0,0.0,35151,359409
20220911,input_tensor,2,0.0,133.0,0.25230637192726135,1.2782502174377441,0.0,0.0,0.0,45008,349552
20220911,input_tensor,3,0.0,19.0,0.1456964761018753,0.5977080464363098,0.0,0.0,0.0,34750,359810
20220911,input_tensor,4,0.0,25.62320899963379,2.0759692192077637,4.843552589416504,0.0,0.0,0.0,74940,319620
20220911,input_tensor,5,0.0,19.43850326538086,0.15618689358234406,1.4010158777236938,0.0,0.0,0.0,6372,388188
20220911,input_tensor,6,0.0,21.706165313720703,0.2673926055431366,1.8347904682159424,0.0,0.0,0.0,10865,383695
20220911,input_tensor,7,0.0,22.490127563476562,0.19215066730976105,1.5824319124221802,0.0,0.0,0.0,7358,387202
20220911,normalized_tensor,0,-0.33449339866638184,34.60531234741211,-2.1405464067925095e-08,1.0000001192092896,-0.33449339866638184,-0.33449339866638184,-0.13311123847961426,394560,0
20220911,normalized_tensor,1,-0.24764370918273926,34.335792541503906,1.7518834383167814e-08,0.9999999403953552,-0.24764370918273926,-0.24764370918273926,-0.24764370918273926,394560,0
20220911,normalized_tensor,2,-0.19738417863845825,103.85110473632812,2.9700805370680428e-08,1.0,-0.19738417863845825,-0.19738417863845825,-0.19738417863845825,394560,0
20220911,normalized_tensor,3,-0.24375860393047333,31.544336318969727,-1.8582340999273583e-08,0.9999998807907104,-0.24375860393047333,-0.24375860393047333,-0.24375860393047333,394560,0
20220911,normalized_tensor,4,-0.4286046624183655,4.861563682556152,1.1806843502881748e-07,1.0,-0.4286046624183655,-0.4286046624183655,-0.4286046624183655,394560,0
20220911,normalized_tensor,5,-0.11148117482662201,13.76309585571289,-1.3148794275608111e-09,0.9999998807907104,-0.11148117482662201,-0.11148117482662201,-0.11148117482662201,394560,0
20220911,normalized_tensor,6,-0.14573468267917633,11.684588432312012,-2.908203988738478e-08,1.0,-0.14573468267917633,-0.14573468267917633,-0.14573468267917633,394560,0
20220911,normalized_tensor,7,-0.12142744660377502,14.09095573425293,1.106045655063781e-08,1.0,-0.12142744660377502,-0.12142744660377502,-0.12142744660377502,394560,0
20220912,input_tensor,0,0.0,124.0,1.2856067419052124,4.039676666259766,0.0,0.0,0.0,97503,297057
20220912,input_tensor,1,0.0,9.0,0.04832218214869499,0.26404526829719543,0.0,0.0,0.0,15624,378936
20220912,input_tensor,2,0.0,52.0,0.10407289117574692,0.5228445529937744,0.0,0.0,0.0,27323,367237
20220912,input_tensor,3,0.0,11.0,0.057719990611076355,0.3122088313102722,0.0,0.0,0.0,17187,377373
20220912,input_tensor,4,0.0,24.36516571044922,1.2687273025512695,3.9329564571380615,0.0,0.0,0.0,44505,350055
20220912,input_tensor,5,0.0,19.427106857299805,0.07157089561223984,0.9547620415687561,0.0,0.0,0.0,2775,391785
20220912,input_tensor,6,0.0,21.624874114990234,0.14917759597301483,1.3836925029754639,0.0,0.0,0.0,5870,388690
20220912,input_tensor,7,0.0,21.805295944213867,0.10951254516839981,1.203305721282959,0.0,0.0,0.0,3952,390608
20220912,normalized_tensor,0,-0.31824496388435364,30.377281188964844,1.7402815188916065e-08,1.0,-0.31824496388435364,-0.31824496388435364,-0.31824496388435364,394560,0
20220912,normalized_tensor,1,-0.18300719559192657,33.90205764770508,-3.819918248382237e-08,1.0000001192092896,-0.18300719559192657,-0.18300719559192657,-0.18300719559192657,394560,0
20220912,normalized_tensor,2,-0.19905130565166473,99.25689697265625,4.4860590797668465e-09,1.0,-0.19905130565166473,-0.19905130565166473,-0.19905130565166473,394560,0
20220912,normalized_tensor,3,-0.1848762333393097,35.047950744628906,5.3658681942181374e-09,1.0,-0.1848762333393097,-0.1848762333393097,-0.1848762333393097,394560,0
20220912,normalized_tensor,4,-0.322588711977005,5.8725385665893555,-4.250154361784553e-08,0.9999998807907104,-0.322588711977005,-0.322588711977005,-0.322588711977005,394560,0
20220912,normalized_tensor,5,-0.07496202737092972,20.272626876831055,1.179524145022981e-09,0.9999999403953552,-0.07496202737092972,-0.07496202737092972,-0.07496202737092972,394560,0
20220912,normalized_tensor,6,-0.10781123489141464,15.520569801330566,2.1695511165376047e-08,1.0,-0.10781123489141464,-0.10781123489141464,-0.10781123489141464,394560,0
20220912,normalized_tensor,7,-0.09100974351167679,18.0301513671875,4.911461459755628e-09,1.0,-0.09100974351167679,-0.09100974351167679,-0.09100974351167679,394560,0
20220913,input_tensor,0,0.0,128.0,1.5554871559143066,4.488750457763672,0.0,0.0,1.0,107088,287472
20220913,input_tensor,1,0.0,8.0,0.06497364491224289,0.31237462162971497,0.0,0.0,0.0,20391,374169
20220913,input_tensor,2,0.0,60.0,0.21546532213687897,0.8612807393074036,0.0,0.0,0.0,46298,348262
20220913,input_tensor,3,0.0,8.0,0.05335817113518715,0.2859123647212982,0.0,0.0,0.0,16632,377928
20220913,input_tensor,4,0.0,23.357507705688477,1.2104238271713257,3.8383429050445557,0.0,0.0,0.0,44256,350304
20220913,input_tensor,5,0.0,19.434045791625977,0.07439509779214859,0.9763625264167786,0.0,0.0,0.0,3054,391506
20220913,input_tensor,6,0.0,22.35022735595703,0.1907789260149002,1.554456353187561,0.0,0.0,0.0,8236,386324
20220913,input_tensor,7,0.0,20.79849624633789,0.0826612040400505,1.051216721534729,0.0,0.0,0.0,3083,391477
20220913,normalized_tensor,0,-0.34653010964393616,28.169200897216797,-2.0883378581970646e-08,0.9999999403953552,-0.34653010964393616,-0.34653010964393616,-0.1237509548664093,394560,0
20220913,normalized_tensor,1,-0.2079991102218628,25.40227508544922,-3.249492408485821e-08,0.9999998211860657,-0.2079991102218628,-0.2079991102218628,-0.2079991102218628,394560,0
20220913,normalized_tensor,2,-0.25016850233078003,69.41352844238281,-1.3032775747490177e-08,1.0,-0.25016850233078003,-0.25016850233078003,-0.25016850233078003,394560,0
20220913,normalized_tensor,3,-0.186624214053154,27.793977737426758,1.0441689735074533e-09,0.9999998807907104,-0.186624214053154,-0.186624214053154,-0.186624214053154,394560,0
20220913,normalized_tensor,4,-0.31535062193870544,5.769959449768066,-9.86159598426184e-09,0.9999999403953552,-0.31535062193870544,-0.31535062193870544,-0.31535062193870544,394560,0
20220913,normalized_tensor,5,-0.07619618624448776,19.828344345092773,2.666498133407913e-08,0.9999998807907104,-0.07619618624448776,-0.07619618624448776,-0.07619618624448776,394560,0
20220913,normalized_tensor,6,-0.1227303221821785,14.255433082580566,-3.4612266386346846e-09,1.0,-0.1227303221821785,-0.1227303221821785,-0.1227303221821785,394560,0
20220913,normalized_tensor,7,-0.07863383740186691,19.706531524658203,-1.2510691149714148e-08,0.9999997615814209,-0.07863383740186691,-0.07863383740186691,-0.07863383740186691,394560,0
20220914,input_tensor,0,0.0,134.0,1.5740216970443726,4.498082637786865,0.0,0.0,1.0,108882,285678
20220914,input_tensor,1,0.0,9.0,0.06650952994823456,0.3164387345314026,0.0,0.0,0.0,20819,373741
20220914,input_tensor,2,0.0,61.0,0.22742801904678345,0.8907926678657532,0.0,0.0,0.0,48177,346383
20220914,input_tensor,3,0.0,9.0,0.05599655210971832,0.29319125413894653,0.0,0.0,0.0,17431,377129
20220914,input_tensor,4,0.0,25.23416519165039,1.2359209060668945,3.8752427101135254,0.0,0.0,0.0,45137,349423
20220914,input_tensor,5,0.0,19.434019088745117,0.07487647235393524,0.9757521748542786,0.0,0.0,0.0,3103,391457
20220914,input_tensor,6,0.0,22.09726333618164,0.2091691941022873,1.6231257915496826,0.0,0.0,0.0,8936,385624
20220914,input_tensor,7,0.0,21.62322425842285,0.08600136637687683,1.072422981262207,0.0,0.0,0.0,3252,391308
20220914,normalized_tensor,0,-0.3499316871166229,29.440540313720703,8.66273541788587e-09,1.0,-0.3499316871166229,-0.3499316871166229,-0.12761475145816803,394560,0
20220914,normalized_tensor,1,-0.21018138527870178,28.23134422302246,-2.5978536655202333e-08,0.9999999403953552,-0.21018138527870178,-0.21018138527870178,-0.21018138527870178,394560,0
20220914,normalized_tensor,2,-0.25530970096588135,68.2230224609375,2.2517310682701464e-08,1.0000001192092896,-0.25530970096588135,-0.25530970096588135,-0.25530970096588135,394560,0
20220914,normalized_tensor,3,-0.19098985195159912,30.505695343017578,-2.021627132364756e-08,0.9999998807907104,-0.19098985195159912,-0.19098985195159912,-0.19098985195159912,394560,0
20220914,normalized_tensor,4,-0.3189273476600647,6.192707538604736,1.0751072920811566e-08,1.0000001192092896,-0.3189273476600647,-0.3189273476600647,-0.3189273476600647,394560,0
20220914,normalized_tensor,5,-0.076737180352211,19.840225219726562,-2.320375447339984e-09,0.9999998807907104,-0.076737180352211,-0.076737180352211,-0.076737180352211,394560,0
20220914,normalized_tensor,6,-0.12886813282966614,13.485149383544922,-1.28007382471651e-08,1.0,-0.12886813282966614,-0.12886813282966614,-0.12886813282966614,394560,0
20220914,normalized_tensor,7,-0.08019351214170456,20.0827693939209,1.3612869054213661e-08,0.9999999403953552,-0.08019351214170456,-0.08019351214170456,-0.08019351214170456,394560,0
20220915,input_tensor,0,0.0,116.0,1.6071420907974243,4.55658483505249,0.0,0.0,1.0,110151,284409
20220915,input_tensor,1,0.0,8.0,0.06549827754497528,0.312504380941391,0.0,0.0,0.0,20598,373962
20220915,input_tensor,2,0.0,66.0,0.2494981735944748,0.9536035060882568,0.0,0.0,0.0,50787,343773
20220915,input_tensor,3,0.0,8.0,0.05879207327961922,0.30516308546066284,0.0,0.0,0.0,18015,376545
20220915,input_tensor,4,0.0,23.962072372436523,1.244606375694275,3.88350510597229,0.0,0.0,0.0,45673,348887
20220915,input_tensor,5,0.0,19.434431076049805,0.07293889671564102,0.9663713574409485,0.0,0.0,0.0,3057,391503
20220915,input_tensor,6,0.0,22.522727966308594,0.21596287190914154,1.6415328979492188,0.0,0.0,0.0,9464,385096
20220915,input_tensor,7,0.0,21.98046112060547,0.08824415504932404,1.0873126983642578,0.0,0.0,0.0,3303,391257
20220915,normalized_tensor,0,-0.3527075946331024,25.104955673217773,1.5817226639569526e-08,1.0,-0.3527075946331024,-0.3527075946331024,-0.13324499130249023,394560,0
20220915,normalized_tensor,1,-0.2095915526151657,25.39004898071289,-8.720744126833324e-09,0.9999998807907104,-0.2095915526151657,-0.2095915526151657,-0.2095915526151657,394560,0
20220915,normalized_tensor,2,-0.26163721084594727,68.94951629638672,1.7924900674870514e-08,0.9999998807907104,-0.26163721084594727,-0.26163721084594727,-0.26163721084594727,394560,0
20220915,normalized_tensor,3,-0.19265788793563843,26.0228328704834,-2.3967544393599383e-08,0.9999998211860657,-0.19265788793563843,-0.19265788793563843,-0.19265788793563843,394560,0
20220915,normalized_tensor,4,-0.32048532366752625,5.849732398986816,-5.495422428225538e-08,0.9999998807907104,-0.32048532366752625,-0.32048532366752625,-0.32048532366752625,394560,0
20220915,normalized_tensor,5,-0.07547708600759506,20.035249710083008,1.8737031481919075e-08,1.0,-0.07547708600759506,-0.07547708600759506,-0.07547708600759506,394560,0
20220915,normalized_tensor,6,-0.13156171143054962,13.588984489440918,-3.8672925972704775e-11,1.0000001192092896,-0.13156171143054962,-0.13156171143054962,-0.13156171143054962,394560,0
20220915,normalized_tensor,7,-0.08115802705287933,20.13424301147461,7.444537875045398e-09,1.0000001192092896,-0.08115802705287933,-0.08115802705287933,-0.08115802705287933,394560,0
20220916,input_tensor,0,0.0,131.0,1.687707781791687,4.733089923858643,0.0,0.0,1.0,111767,282793
20220916,input_tensor,1,0.0,10.0,0.06706457585096359,0.31877583265304565,0.0,0.0,0.0,20949,373611
20220916,input_tensor,2,0.0,62.0,0.26551854610443115,0.9879809021949768,0.0,0.0,0.0,53351,341209
20220916,input_tensor,3,0.0,9.0,0.0559103824198246,0.29306936264038086,0.0,0.0,0.0,17399,377161
20220916,input_tensor,4,0.0,23.818212509155273,1.2673394680023193,3.9171085357666016,0.0,0.0,0.0,46483,348077
20220916,input_tensor,5,0.0,19.438207626342773,0.06850661337375641,0.9303280115127563,0.0,0.0,0.0,2928,391632
20220916,input_tensor,6,0.0,21.436126708984375,0.2260850965976715,1.6787351369857788,0.0,0.0,0.0,9839,384721
20220916,input_tensor,7,0.0,21.299564361572266,0.08245757222175598,1.0482786893844604,0.0,0.0,0.0,3092,391468
20220916,normalized_tensor,0,-0.3565763235092163,27.32090187072754,-1.960717277427193e-08,1.0,-0.3565763235092163,-0.3565763235092163,-0.1452978551387787,394560,0
20220916,normalized_tensor,1,-0.2103816121816635,31.159626007080078,5.504124089839024e-08,0.9999998807907104,-0.2103816121816635,-0.2103816121816635,-0.2103816121816635,394560,0
20220916,normalized_tensor,2,-0.2687486708164215,62.48550033569336,-1.4889075750090797e-08,1.0,-0.2687486708164215,-0.2687486708164215,-0.2687486708164215,394560,0
20220916,normalized_tensor,3,-0.19077526032924652,30.518678665161133,1.2762065182414517e-08,0.9999998807907104,-0.19077526032924652,-0.19077526032924652,-0.19077526032924652,394560,0
20220916,normalized_tensor,4,-0.32353952527046204,5.757019996643066,2.548545730007845e-08,1.0,-0.32353952527046204,-0.32353952527046204,-0.32353952527046204,394560,0
20220916,normalized_tensor,5,-0.07363705337047577,20.820293426513672,-2.5910860124156443e-09,0.9999998807907104,-0.07363705337047577,-0.07363705337047577,-0.07363705337047577,394560,0
20220916,normalized_tensor,6,-0.13467586040496826,12.634536743164062,-1.1756569051613042e-08,0.9999999403953552,-0.13467586040496826,-0.13467586040496826,-0.13467586040496826,394560,0
20220916,normalized_tensor,7,-0.07865997403860092,20.239948272705078,-1.8553334868443017e-08,0.9999999403953552,-0.07865997403860092,-0.07865997403860092,-0.07865997403860092,394560,0
20220926,input_tensor,0,0.0,313.0,4.000514507293701,10.724888801574707,0.0,0.0,3.0,135579,258981
20220926,input_tensor,1,0.0,17.0,0.18066707253456116,0.6562432646751404,0.0,0.0,0.0,43103,351457
20220926,input_tensor,2,0.0,157.0,0.681176483631134,2.3407437801361084,0.0,0.0,0.0,84432,310128
20220926,input_tensor,3,0.0,22.0,0.1405920535326004,0.560825526714325,0.0,0.0,0.0,35374,359186
20220926,input_tensor,4,0.0,25.162593841552734,1.994107961654663,4.742765426635742,0.0,0.0,0.0,75613,318947
20220926,input_tensor,5,0.0,19.434627532958984,0.140768364071846,1.3247075080871582,0.0,0.0,0.0,6461,388099
20220926,input_tensor,6,0.0,21.88634490966797,0.44202548265457153,2.3230555057525635,0.0,0.0,0.0,19821,374739
20220926,input_tensor,7,0.0,21.681764602661133,0.1490950733423233,1.3946062326431274,0.0,0.0,0.0,6133,388427
20220926,normalized_tensor,0,-0.3730122148990631,28.811439514160156,-1.5275805509418205e-08,1.0,-0.3730122148990631,-0.3730122148990631,-0.09328903257846832,394560,0
20220926,normalized_tensor,1,-0.27530503273010254,25.62972068786621,3.809283111166906e-09,1.0,-0.27530503273010254,-0.27530503273010254,-0.27530503273010254,394560,0
20220926,normalized_tensor,2,-0.2910085618495941,66.78168487548828,2.1183094389698454e-08,1.0000001192092896,-0.2910085618495941,-0.2910085618495941,-0.2910085618495941,394560,0
20220926,normalized_tensor,3,-0.25068768858909607,38.97719955444336,1.187258735768637e-08,0.9999998807907104,-0.25068768858909607,-0.25068768858909607,-0.25068768858909607,394560,0
20220926,normalized_tensor,4,-0.4204525947570801,4.885015964508057,-3.963974748444343e-08,1.0000001192092896,-0.4204525947570801,-0.4204525947570801,-0.4204525947570801,394560,0
20220926,normalized_tensor,5,-0.10626373440027237,14.564618110656738,-2.2468968907674025e-08,0.9999998807907104,-0.10626373440027237,-0.10626373440027237,-0.10626373440027237,394560,0
20220926,normalized_tensor,6,-0.19027762115001678,9.231082916259766,4.1147991680645646e-08,1.0,-0.19027762115001678,-0.19027762115001678,-0.19027762115001678,394560,0
20220926,normalized_tensor,7,-0.10690836608409882,15.439963340759277,-1.0712399856060983e-08,1.0,-0.10690836608409882,-0.10690836608409882,-0.10690836608409882,394560,0
20220928,input_tensor,0,0.0,327.0,4.044834613800049,10.775367736816406,0.0,0.0,3.0,136889,257671
20220928,input_tensor,1,0.0,22.0,0.18197739124298096,0.6610255241394043,0.0,0.0,0.0,43310,351250
20220928,input_tensor,2,0.0,180.0,0.6801779270172119,2.3214850425720215,0.0,0.0,0.0,85371,309189
20220928,input_tensor,3,0.0,22.0,0.15328466892242432,0.5919835567474365,0.0,0.0,0.0,37826,356734
20220928,input_tensor,4,0.0,24.95421028137207,2.0273120403289795,4.778200149536133,0.0,0.0,0.0,76811,317749
20220928,input_tensor,5,0.0,19.439075469970703,0.14018690586090088,1.326523780822754,0.0,0.0,0.0,6448,388112
20220928,input_tensor,6,0.0,21.884845733642578,0.4498557448387146,2.341604232788086,0.0,0.0,0.0,20160,374400
20220928,input_tensor,7,0.0,22.781883239746094,0.15863406658172607,1.4352012872695923,0.0,0.0,0.0,6535,388025
20220928,normalized_tensor,0,-0.3753778636455536,29.971614837646484,4.503462136540293e-08,1.0,-0.3753778636455536,-0.3753778636455536,-0.09696509689092636,394560,0
20220928,normalized_tensor,1,-0.27529555559158325,33.00632095336914,1.6474665187615756e-08,0.9999998807907104,-0.27529555559158325,-0.27529555559158325,-0.27529555559158325,394560,0
20220928,normalized_tensor,2,-0.29299259185791016,77.24358367919922,6.013639808344351e-09,1.0,-0.29299259185791016,-0.29299259185791016,-0.29299259185791016,394560,0
20220928,normalized_tensor,3,-0.25893399119377136,36.90426254272461,-6.690415776944292e-09,0.9999998807907104,-0.25893399119377136,-0.25893399119377136,-0.25893399119377136,394560,0
20220928,normalized_tensor,4,-0.42428362369537354,4.798229217529297,-1.399959881354107e-08,1.0000001192092896,-0.42428362369537354,-0.42428362369537354,-0.42428362369537354,394560,0
20220928,normalized_tensor,5,-0.10567990690469742,14.548468589782715,1.3806234377966575e-08,0.9999998807907104,-0.10567990690469742,-0.10567990690469742,-0.10567990690469742,394560,0
20220928,normalized_tensor,6,-0.19211433827877045,9.153976440429688,-2.892734762838245e-08,1.0,-0.19211433827877045,-0.19211433827877045,-0.19211433827877045,394560,0
20220928,normalized_tensor,7,-0.11053088307380676,15.7631196975708,2.9932841982827085e-08,1.0,-0.11053088307380676,-0.11053088307380676,-0.11053088307380676,394560,0
20220930,input_tensor,0,0.0,133.0,1.6834220886230469,4.684351444244385,0.0,0.0,1.0,112553,282007
20220930,input_tensor,1,0.0,9.0,0.06368106603622437,0.30760642886161804,0.0,0.0,0.0,20099,374461
20220930,input_tensor,2,0.0,67.0,0.2776206433773041,1.0249226093292236,0.0,0.0,0.0,54633,339927
20220930,input_tensor,3,0.0,9.0,0.06053071841597557,0.31282463669776917,0.0,0.0,0.0,18410,376150
20220930,input_tensor,4,0.0,23.99928855895996,1.2366390228271484,3.875302314758301,0.0,0.0,0.0,45483,349077
20220930,input_tensor,5,0.0,19.39130401611328,0.06366583704948425,0.8969650864601135,0.0,0.0,0.0,2726,391834
20220930,input_tensor,6,0.0,21.54020881652832,0.23023389279842377,1.6951038837432861,0.0,0.0,0.0,10041,384519
20220930,input_tensor,7,0.0,22.210872650146484,0.08629181981086731,1.0767637491226196,0.0,0.0,0.0,3234,391326
20220930,normalized_tensor,0,-0.3593714237213135,28.033031463623047,1.9839209386418588e-08,0.9999999403953552,-0.3593714237213135,-0.3593714237213135,-0.14589470624923706,394560,0
20220930,normalized_tensor,1,-0.20702125132083893,29.051145553588867,-2.8559954401430332e-08,1.0000001192092896,-0.20702125132083893,-0.20702125132083893,-0.20702125132083893,394560,0
20220930,normalized_tensor,2,-0.2708698511123657,65.09992218017578,2.680033617252775e-08,0.9999999403953552,-0.2708698511123657,-0.2708698511123657,-0.2708698511123657,394560,0
20220930,normalized_tensor,3,-0.19349728524684906,28.576616287231445,3.389681779708553e-08,1.0,-0.19349728524684906,-0.19349728524684906,-0.19349728524684906,394560,0
20220930,normalized_tensor,4,-0.3191077411174774,5.87377405166626,1.0364344049662577e-08,0.9999999403953552,-0.3191077411174774,-0.3191077411174774,-0.3191077411174774,394560,0
20220930,normalized_tensor,5,-0.07097917050123215,21.547815322875977,4.4860590797668465e-09,0.9999998807907104,-0.07097917050123215,-0.07097917050123215,-0.07097917050123215,394560,0
20220930,normalized_tensor,6,-0.13582287728786469,12.57148551940918,1.5469169278858885e-09,1.0,-0.13582287728786469,-0.13582287728786469,-0.13582287728786469,394560,0
20220930,normalized_tensor,7,-0.08013997226953506,20.547292709350586,-8.353351788059626e-09,1.0,-0.08013997226953506,-0.08013997226953506,-0.08013997226953506,394560,0
20221001,input_tensor,0,0.0,131.0,1.5871832370758057,4.605055809020996,0.0,0.0,1.0,109328,285232
20221001,input_tensor,1,0.0,6.0,0.05051196366548538,0.26660820841789246,0.0,0.0,0.0,16425,378135
20221001,input_tensor,2,0.0,67.0,0.19177564978599548,0.7881128787994385,0.0,0.0,0.0,43299,351261
20221001,input_tensor,3,0.0,11.0,0.06276865303516388,0.32298991084098816,0.0,0.0,0.0,18803,375757
20221001,input_tensor,4,0.0,25.24588394165039,1.3066188097000122,3.976597547531128,0.0,0.0,0.0,47240,347320
20221001,input_tensor,5,0.0,19.43164825439453,0.06032944470643997,0.8757272362709045,0.0,0.0,0.0,2497,392063
20221001,input_tensor,6,0.0,22.112537384033203,0.2047344148159027,1.5973201990127563,0.0,0.0,0.0,8585,385975
20221001,input_tensor,7,0.0,22.02781105041504,0.10395798832178116,1.1714752912521362,0.0,0.0,0.0,3918,390642
20221001,normalized_tensor,0,-0.34466102719306946,28.102333068847656,-2.1811528583270956e-08,0.9999999403953552,-0.34466102719306946,-0.34466102719306946,-0.12750838696956635,394560,0
20221001,normalized_tensor,1,-0.18946139514446259,22.315471649169922,-1.232699453623809e-08,0.9999998211860657,-0.18946139514446259,-0.18946139514446259,-0.18946139514446259,394560,0
20221001,normalized_tensor,2,-0.24333526194095612,84.7698745727539,-1.28007382471651e-08,1.0,-0.24333526194095612,-0.24333526194095612,-0.24333526194095612,394560,0
20221001,normalized_tensor,3,-0.19433626532554626,33.86245346069336,5.733260977081045e-09,0.9999998807907104,-0.19433626532554626,-0.19433626532554626,-0.19433626532554626,394560,0
20221001,normalized_tensor,4,-0.32857707142829895,6.0200371742248535,-4.903726846805512e-08,1.0,-0.32857707142829895,-0.32857707142829895,-0.32857707142829895,394560,0
20221001,normalized_tensor,5,-0.06889068335294724,22.12026596069336,-9.513539289685014e-09,0.9999998807907104,-0.06889068335294724,-0.06889068335294724,-0.06889068335294724,394560,0
20221001,normalized_tensor,6,-0.12817367911338806,13.715348243713379,-2.838592649823113e-08,0.9999999403953552,-0.12817367911338806,-0.12817367911338806,-0.12817367911338806,394560,0
20221001,normalized_tensor,7,-0.08874108642339706,18.714736938476562,-6.1973359777312e-09,1.0,-0.08874108642339706,-0.08874108642339706,-0.08874108642339706,394560,0
20221002,input_tensor,0,0.0,128.0,1.2842711210250854,4.044249534606934,0.0,0.0,0.0,98009,296551
20221002,input_tensor,1,0.0,8.0,0.04663929343223572,0.25972437858581543,0.0,0.0,0.0,15079,379481
20221002,input_tensor,2,0.0,62.0,0.15544910728931427,0.7707650065422058,0.0,0.0,0.0,32933,361627
20221002,input_tensor,3,0.0,9.0,0.04552919790148735,0.2693830132484436,0.0,0.0,0.0,14063,380497
20221002,input_tensor,4,0.0,24.934059143066406,1.2375972270965576,3.8882155418395996,0.0,0.0,0.0,43704,350856
20221002,input_tensor,5,0.0,19.435636520385742,0.07145067304372787,0.9646956920623779,0.0,0.0,0.0,2698,391862
20221002,input_tensor,6,0.0,21.894432067871094,0.19234728813171387,1.5634089708328247,0.0,0.0,0.0,7493,387067
20221002,input_tensor,7,0.0,20.920629501342773,0.0854816883802414,1.0702191591262817,0.0,0.0,0.0,3109,391451
20221002,normalized_tensor,0,-0.31755486130714417,31.332321166992188,-1.1679222922111876e-08,1.0000001192092896,-0.31755486130714417,-0.31755486130714417,-0.31755486130714417,394560,0
20221002,normalized_tensor,1,-0.17957225441932678,30.622310638427734,9.474866446979036e-10,1.0,-0.17957225441932678,-0.17957225441932678,-0.17957225441932678,394560,0
20221002,normalized_tensor,2,-0.20168158411979675,80.23788452148438,3.6739278286290755e-09,1.0,-0.20168158411979675,-0.20168158411979675,-0.20168158411979675,394560,0
20221002,normalized_tensor,3,-0.1690128743648529,33.240665435791016,1.225931711701378e-08,0.9999999403953552,-0.1690128743648529,-0.1690128743648529,-0.1690128743648529,394560,0
20221002,normalized_tensor,4,-0.3182944059371948,6.094431400299072,-6.040711042487601e-08,0.9999998211860657,-0.3182944059371948,-0.3182944059371948,-0.3182944059371948,394560,0
20221002,normalized_tensor,5,-0.07406550645828247,20.072843551635742,1.0038040620941047e-08,1.0,-0.07406550645828247,-0.07406550645828247,-0.07406550645828247,394560,0
20221002,normalized_tensor,6,-0.12303069233894348,13.881258964538574,3.1557107149637886e-08,1.0000001192092896,-0.12303069233894348,-0.12303069233894348,-0.12303069233894348,394560,0
20221002,normalized_tensor,7,-0.07987307012081146,19.46811294555664,1.0702732033962548e-08,0.9999998807907104,-0.07987307012081146,-0.07987307012081146,-0.07987307012081146,394560,0
20221026,input_tensor,0,0.0,129.0,1.6233322620391846,4.595773696899414,0.0,0.0,1.0,110407,284153
20221026,input_tensor,1,0.0,8.0,0.06091342121362686,0.2997194528579712,0.0,0.0,0.0,19291,375269
20221026,input_tensor,2,0.0,61.0,0.27277472615242004,1.039025068283081,0.0,0.0,0.0,53060,341500
20221026,input_tensor,3,0.0,7.0,0.026675283908843994,0.19217932224273682,0.0,0.0,0.0,8899,385661
20221026,input_tensor,4,0.0,24.912378311157227,1.22605562210083,3.8546531200408936,0.0,0.0,0.0,45083,349477
20221026,input_tensor,5,0.0,19.437847137451172,0.0657215565443039,0.9191038608551025,0.0,0.0,0.0,2757,391803
20221026,input_tensor,6,0.0,21.589706420898438,0.2397647202014923,1.7244948148727417,0.0,0.0,0.0,10367,384193
20221026,input_tensor,7,0.0,20.960983276367188,0.039681605994701385,0.7344737648963928,0.0,0.0,0.0,1485,393075
20221026,normalized_tensor,0,-0.3532228469848633,27.716045379638672,1.307144881224076e-08,1.0,-0.3532228469848633,-0.3532228469848633,-0.13563162088394165,394560,0
20221026,normalized_tensor,1,-0.20323479175567627,26.488391876220703,2.6993701496280664e-08,0.9999998807907104,-0.20323479175567627,-0.20323479175567627,-0.20323479175567627,394560,0
20221026,normalized_tensor,2,-0.26252949237823486,58.446353912353516,4.4338506199892436e-08,0.9999999403953552,-0.26252949237823486,-0.26252949237823486,-0.26252949237823486,394560,0
20221026,normalized_tensor,3,-0.1388041377067566,36.2855110168457,-3.403217263553415e-08,1.0,-0.1388041377067566,-0.1388041377067566,-0.1388041377067566,394560,0
20221026,normalized_tensor,4,-0.318071573972702,6.144865036010742,4.130268393964798e-08,1.0000001192092896,-0.318071573972702,-0.318071573972702,-0.318071573972702,394560,0
20221026,normalized_tensor,5,-0.07150612771511078,21.07718849182129,-3.2485257150938196e-08,1.0,-0.07150612771511078,-0.07150612771511078,-0.07150612771511078,394560,0
20221026,normalized_tensor,6,-0.13903476297855377,12.380403518676758,-2.0496649710821657e-08,1.0,-0.13903476297855377,-0.13903476297855377,-0.13903476297855377,394560,0
20221026,normalized_tensor,7,-0.054027263075113297,28.48474884033203,-2.881132887821991e-09,1.0000001192092896,-0.054027263075113297,-0.054027263075113297,-0.054027263075113297,394560,0
20221027,input_tensor,0,0.0,131.0,1.628277063369751,4.595865249633789,0.0,0.0,1.0,110631,283929
20221027,input_tensor,1,0.0,8.0,0.05962337926030159,0.2965158224105835,0.0,0.0,0.0,18924,375636
20221027,input_tensor,2,0.0,66.0,0.2819748520851135,1.0662401914596558,0.0,0.0,0.0,54178,340382
20221027,input_tensor,3,0.0,6.0,0.023588301613926888,0.17569424211978912,0.0,0.0,0.0,8062,386498
20221027,input_tensor,4,0.0,24.654949188232422,1.2374259233474731,3.873840808868408,0.0,0.0,0.0,45430,349130
20221027,input_tensor,5,0.0,19.4388484954834,0.06587714701890945,0.9150814414024353,0.0,0.0,0.0,2770,391790
20221027,input_tensor,6,0.0,21.95599365234375,0.24625617265701294,1.7512816190719604,0.0,0.0,0.0,10647,383913
20221027,input_tensor,7,0.0,22.468612670898438,0.0355440154671669,0.6961093544960022,0.0,0.0,0.0,1330,393230
20221027,normalized_tensor,0,-0.35429173707962036,28.14958953857422,4.8727883950050455e-09,1.0,-0.35429173707962036,-0.35429173707962036,-0.13670484721660614,394560,0
20221027,normalized_tensor,1,-0.20107991993427277,26.7789306640625,1.0432021468886887e-08,1.0,-0.20107991993427277,-0.20107991993427277,-0.20107991993427277,394560,0
20221027,normalized_tensor,2,-0.26445716619491577,61.635292053222656,-1.3052112279865469e-08,0.9999998807907104,-0.26445716619491577,-0.26445716619491577,-0.26445716619491577,394560,0
20221027,normalized_tensor,3,-0.13425767421722412,34.0159797668457,-1.080908251793744e-08,0.9999999403953552,-0.13425767421722412,-0.13425767421722412,-0.13425767421722412,394560,0
20221027,normalized_tensor,4,-0.31943127512931824,6.045040130615234,1.0016287355085751e-08,1.0,-0.31943127512931824,-0.31943127512931824,-0.31943127512931824,394560,0
20221027,normalized_tensor,5,-0.0719904750585556,21.170761108398438,6.40036912358255e-09,1.0000001192092896,-0.0719904750585556,-0.0719904750585556,-0.0719904750585556,394560,0
20221027,normalized_tensor,6,-0.1406148374080658,12.396486282348633,-1.0054960419836334e-08,1.0000001192092896,-0.1406148374080658,-0.1406148374080658,-0.1406148374080658,394560,0
20221027,normalized_tensor,7,-0.05106096342206001,32.226356506347656,-1.2849079134014119e-08,1.0,-0.05106096342206001,-0.05106096342206001,-0.05106096342206001,394560,0
20221028,input_tensor,0,0.0,333.0,4.222579479217529,11.16153621673584,0.0,0.0,3.0,138990,255570
20221028,input_tensor,1,0.0,19.0,0.16719891130924225,0.6186106204986572,0.0,0.0,0.0,41022,353538
20221028,input_tensor,2,0.0,173.0,0.7724579572677612,2.6039435863494873,0.0,0.0,0.0,90077,304483
20221028,input_tensor,3,0.0,20.0,0.06796938180923462,0.3506351709365845,0.0,0.0,0.0,19457,375103
20221028,input_tensor,4,0.0,25.25510025024414,2.0437161922454834,4.787903785705566,0.0,0.0,0.0,77981,316579
20221028,input_tensor,5,0.0,19.437612533569336,0.13134805858135223,1.2840849161148071,0.0,0.0,0.0,6030,388530
20221028,input_tensor,6,0.0,21.70928955078125,0.4946000277996063,2.4485740661621094,0.0,0.0,0.0,22214,372346
20221028,input_tensor,7,0.0,21.100481033325195,0.06715154647827148,0.9408616423606873,0.0,0.0,0.0,2859,391701
20221028,normalized_tensor,0,-0.378315269947052,29.456289291381836,5.994303386991362e-10,1.0,-0.378315269947052,-0.378315269947052,-0.10953505337238312,394560,0
20221028,normalized_tensor,1,-0.2702813446521759,30.443708419799805,5.3368633956552e-09,1.0000001192092896,-0.2702813446521759,-0.2702813446521759,-0.2702813446521759,394560,0
20221028,normalized_tensor,2,-0.2966492772102356,66.14104461669922,-6.690415776944292e-09,0.9999999403953552,-0.2966492772102356,-0.2966492772102356,-0.2966492772102356,394560,0
20221028,normalized_tensor,3,-0.1938464492559433,56.84549331665039,-8.817426788709781e-09,1.0,-0.1938464492559433,-0.1938464492559433,-0.1938464492559433,394560,0
20221028,normalized_tensor,4,-0.426849901676178,4.847921848297119,9.049464289034859e-09,0.9999998807907104,-0.426849901676178,-0.426849901676178,-0.426849901676178,394560,0
20221028,normalized_tensor,5,-0.10228922963142395,15.03503704071045,1.0286997920161411e-08,1.0000001192092896,-0.10228922963142395,-0.10228922963142395,-0.10228922963142395,394560,0
20221028,normalized_tensor,6,-0.2019951194524765,8.66409969329834,4.02971878088465e-08,1.0,-0.2019951194524765,-0.2019951194524765,-0.2019951194524765,394560,0
20221028,normalized_tensor,7,-0.071372389793396,22.355390548706055,-2.397721354796545e-09,0.9999998807907104,-0.071372389793396,-0.071372389793396,-0.071372389793396,394560,0
20221030,input_tensor,0,0.0,359.0,3.485396385192871,10.0971040725708,0.0,0.0,2.0,128814,265746
20221030,input_tensor,1,0.0,19.0,0.13666363060474396,0.5594267249107361,0.0,0.0,0.0,33973,360587
20221030,input_tensor,2,0.0,164.0,0.41224655508995056,1.7231218814849854,0.0,0.0,0.0,64199,330361
20221030,input_tensor,3,0.0,15.0,0.06649685651063919,0.3639049232006073,0.0,0.0,0.0,18237,376323
20221030,input_tensor,4,0.0,24.176414489746094,2.1130597591400146,4.872708320617676,0.0,0.0,0.0,77160,317400
20221030,input_tensor,5,0.0,19.439115524291992,0.1385020762681961,1.3233871459960938,0.0,0.0,0.0,5849,388711
20221030,input_tensor,6,0.0,21.683547973632812,0.3943844437599182,2.207223892211914,0.0,0.0,0.0,16288,378272
20221030,input_tensor,7,0.0,21.353046417236328,0.0805949717760086,1.033220887184143,0.0,0.0,0.0,3193,391367
20221030,normalized_tensor,0,-0.3451877236366272,35.209564208984375,3.2485256706848986e-09,1.0,-0.3451877236366272,-0.3451877236366272,-0.14711113274097443,394560,0
20221030,normalized_tensor,1,-0.2442922741174698,33.71904754638672,-5.423877791344012e-09,1.0,-0.2442922741174698,-0.2442922741174698,-0.2442922741174698,394560,0
20221030,normalized_tensor,2,-0.2392439842224121,94.93684387207031,1.740281585504988e-09,1.0,-0.2392439842224121,-0.2392439842224121,-0.2392439842224121,394560,0
20221030,normalized_tensor,3,-0.18273140490055084,41.036827087402344,-1.0751072920811566e-08,1.0000001192092896,-0.18273140490055084,-0.18273140490055084,-0.18273140490055084,394560,0
20221030,normalized_tensor,4,-0.43365201354026794,4.527945041656494,5.828009719266447e-08,0.9999998807907104,-0.43365201354026794,-0.43365201354026794,-0.43365201354026794,394560,0
20221030,normalized_tensor,5,-0.10465726256370544,14.584253311157227,-1.8969069870422572e-08,1.0000001192092896,-0.10465726256370544,-0.10465726256370544,-0.10465726256370544,394560,0
20221030,normalized_tensor,6,-0.1786789447069168,9.645221710205078,-1.3922252239950694e-09,1.0,-0.1786789447069168,-0.1786789447069168,-0.1786789447069168,394560,0
20221030,normalized_tensor,7,-0.07800362259149551,20.588483810424805,-2.4170578427629152e-08,0.9999998807907104,-0.07800362259149551,-0.07800362259149551,-0.07800362259149551,394560,0
20221031,input_tensor,0,0.0,131.0,1.5237987041473389,4.405684471130371,0.0,0.0,1.0,107049,287511
20221031,input_tensor,1,0.0,7.0,0.05789994075894356,0.2910458743572235,0.0,0.0,0.0,18431,376129
20221031,input_tensor,2,0.0,67.0,0.2665526270866394,1.0282645225524902,0.0,0.0,0.0,51961,342599
20221031,input_tensor,3,0.0,5.0,0.021649431437253952,0.1694495975971222,0.0,0.0,0.0,7357,387203
20221031,input_tensor,4,0.0,23.94730567932129,1.223366379737854,3.853914976119995,0.0,0.0,0.0,44638,349922
20221031,input_tensor,5,0.0,19.425939559936523,0.06547276675701141,0.910394549369812,0.0,0.0,0.0,2724,391836
20221031,input_tensor,6,0.0,21.50227928161621,0.24761639535427094,1.7574456930160522,0.0,0.0,0.0,10509,384051
20221031,input_tensor,7,0.0,20.604419708251953,0.033478885889053345,0.6745014190673828,0.0,0.0,0.0,1273,393287
20221031,normalized_tensor,0,-0.34587106108665466,29.38844108581543,3.828619643542197e-09,1.0,-0.34587106108665466,-0.34587106108665466,-0.11889155954122543,394560,0
20221031,normalized_tensor,1,-0.19893750548362732,23.852252960205078,1.1437517599688363e-08,1.0,-0.19893750548362732,-0.19893750548362732,-0.19893750548362732,394560,0
20221031,normalized_tensor,2,-0.2592257261276245,64.89910125732422,-4.61367974935456e-08,1.0,-0.2592257261276245,-0.2592257261276245,-0.2592257261276245,394560,0
20221031,normalized_tensor,3,-0.12776325643062592,29.379535675048828,8.817426788709781e-09,1.0000001192092896,-0.12776325643062592,-0.12776325643062592,-0.12776325643062592,394560,0
20221031,normalized_tensor,4,-0.317434698343277,5.896326065063477,-4.640750839168817e-10,1.0,-0.317434698343277,-0.317434698343277,-0.317434698343277,394560,0
20221031,normalized_tensor,5,-0.07191691547632217,21.26601791381836,1.173723251923775e-08,0.9999999403953552,-0.07191691547632217,-0.07191691547632217,-0.07191691547632217,394560,0
20221031,normalized_tensor,6,-0.14089561998844147,12.09406566619873,-3.944638393704736e-08,0.9999999403953552,-0.14089561998844147,-0.14089561998844147,-0.14089561998844147,394560,0
20221031,normalized_tensor,7,-0.049635011702775955,30.49799346923828,1.5092108895942147e-08,1.0000001192092896,-0.049635011702775955,-0.049635011702775955,-0.049635011702775955,394560,0
